h_address,h_link,h_ranking_users,h_star,r_average,r_excellent,r_poor,r_terrible,r_very_good
"Pl Paisos Catalans, Estacion Barcelona Sants , 08014 Barcelona, Spain",https://www.tripadvisor.com/Hotel_Review-g187497-d228507-Reviews-Barcelo_Sants-Barcelona_Catalonia.html,109,4.0,183,660,62,40,595
"La Rambla, 109 , 08001 Barcelona, Spain",https://www.tripadvisor.com/Hotel_Review-g187497-d506158-Reviews-Hotel_1898-Barcelona_Catalonia.html,35,4.0,122,2745,45,44,697
"Arago 325 , 08011 Barcelona, Spain",https://www.tripadvisor.com/Hotel_Review-g187497-d232781-Reviews-EuroPark_Hotel-Barcelona_Catalonia.html,30,3.0,122,1860,25,11,840
"Gran Via de les Corts Catalanes, 389-391 , Plaza Espana08015 Barcelona, ",https://www.tripadvisor.com/Hotel_Review-g187497-d506652-Reviews-B_Hotel-Barcelona_Catalonia.html,60,3.0,99,731,23,10,453
"Gran Via de les Corts Catalanes 642 , 08007 Barcelona, Spain",https://www.tripadvisor.com/Hotel_Review-g187497-d208596-Reviews-Hotel_Granvia-Barcelona_Catalonia.html,65,3.0,33,517,14,14,196
"C/ Diputacio, 394 , 08013 Barcelona, Spain",https://www.tripadvisor.com/Hotel_Review-g187497-d236190-Reviews-Acta_Antibes-Barcelona_Catalonia.html,133,2.0,56,220,7,2,294
"Avenida Diagonal 201 , (entrada por calle Granada)08018 Barcelona, ",https://www.tripadvisor.com/Hotel_Review-g187497-d1532202-Reviews-Novotel_Barcelona_City-Barcelona_Catalonia.html,214,4.0,192,563,61,33,667
"Avda de Roma 2-4 , 08014 Barcelona, Spain",https://www.tripadvisor.com/Hotel_Review-g187497-d289670-Reviews-Gran_Hotel_Torre_Catalunya-Barcelona_Catalonia.html,112,4.5,163,1469,39,22,916
"Hospital, 26 , 08001 Barcelona, Spain",https://www.tripadvisor.com/Hotel_Review-g187497-d1450932-Reviews-NH_Barcelona_Ramblas-Barcelona_Catalonia.html,149,3.0,73,277,14,8,289
"Balmes 51 , 08007 Barcelona, Spain",https://www.tripadvisor.com/Hotel_Review-g187497-d7184002-Reviews-Hotel_Praktik_Vinoteca-Barcelona_Catalonia.html,66,3.0,42,642,8,5,357
"Carrer Sant Pau 9-11 , 08001 Barcelona, Spain",https://www.tripadvisor.com/Hotel_Review-g187497-d208592-Reviews-Hotel_Espana-Barcelona_Catalonia.html,121,4.0,92,699,25,20,426
"Pau Claris, 150 , 08009 Barcelona, Spain",https://www.tripadvisor.com/Hotel_Review-g187497-d190615-Reviews-Hotel_Claris-Barcelona_Catalonia.html,91,3.5,154,929,51,40,369
"Carrer Rec Comtal, 19 , 08003 Barcelona, Spain",https://www.tripadvisor.com/Hotel_Review-g187497-d13313633-Reviews-Hotel_Rec_Barcelona-Barcelona_Catalonia.html,5,3.0,0,142,0,0,15
"Pelai 3 , 08001 Barcelona, Spain",https://www.tripadvisor.com/Hotel_Review-g187497-d296916-Reviews-Hotel_Jazz-Barcelona_Catalonia.html,42,3.0,134,2254,28,14,1084
"Calle Marina 19-21 , 08005 Barcelona, Spain",https://www.tripadvisor.com/Hotel_Review-g187497-d190635-Reviews-Hotel_Arts_Barcelona-Barcelona_Catalonia.html,86,5.0,281,2551,107,81,811
"Via Laietana 30 , 08003 Barcelona, Spain",https://www.tripadvisor.com/Hotel_Review-g187497-d583963-Reviews-Grand_Hotel_Central-Barcelona_Catalonia.html,21,5.0,65,1418,20,13,338
"Rambla 25 , 08003 Barcelona, Spain",https://www.tripadvisor.com/Hotel_Review-g187497-d1146187-Reviews-Pension_Picasso-Barcelona_Catalonia.html,500,NaN,10,2,13,15,4
"Fontcuberta 4 , 08034 Barcelona, Spain",https://www.tripadvisor.com/Hotel_Review-g187497-d206932-Reviews-Hotel_Pedralbes-Barcelona_Catalonia.html,497,3.0,9,2,6,5,4
"Jonqueres 13 , 08003 Barcelona, Spain",https://www.tripadvisor.com/Hotel_Review-g187497-d1149523-Reviews-Las_Ramblas_Apartments_III-Barcelona_Catalonia.html,489,NaN,11,8,8,16,12
"C/ Simon Oller, 1 Principal , 08001 Barcelona, Spain",https://www.tripadvisor.com/Hotel_Review-g187497-d1020431-Reviews-Pension_Segre-Barcelona_Catalonia.html,490,2.0,13,7,12,8,21
"Calle Banys Nous, 3 , 08002 Barcelona, Spain",https://www.tripadvisor.com/Hotel_Review-g187497-d1227191-Reviews-Banys_Nous-Barcelona_Catalonia.html,470,NaN,1,1,0,1,0
"Carrer de l'Atlantida , 8003 Barcelona, Spain",https://www.tripadvisor.com/Hotel_Review-g187497-d1227151-Reviews-Barceloneta_Atlantida-Barcelona_Catalonia.html,464,NaN,1,0,0,0,0
"Carrer de la Merce, 11 , 08002 Barcelona, Spain",https://www.tripadvisor.com/Hotel_Review-g187497-d1204657-Reviews-Avimer_32-Barcelona_Catalonia.html,463,NaN,0,0,1,0,0
"Manuel Sancho, 2 ((esquina paseo Fabra i Puig) , 08016 Barcelona, Spain",https://www.tripadvisor.com/Hotel_Review-g187497-d651523-Reviews-Hostal_Ballestero-Barcelona_Catalonia.html,462,NaN,3,1,1,0,1
"Calle Consejo de Ciento 283 , 08011 Barcelona, Spain",https://www.tripadvisor.com/Hotel_Review-g187497-d1143988-Reviews-Hotel_Consell_de_Cent-Barcelona_Catalonia.html,450,NaN,0,0,0,0,2
"Catalans 686, 2-2, Eixample , 08014 Barcelona, Spain",https://www.tripadvisor.com/Hotel_Review-g187497-d1204611-Reviews-Gran_Central_Inn-Barcelona_Catalonia.html,447,NaN,2,0,2,2,4
"68 Carrer de Bailen , 08009 Barcelona, Spain",https://www.tripadvisor.com/Hotel_Review-g187497-d1205759-Reviews-Bailen-Barcelona_Catalonia.html,446,NaN,0,1,0,1,2
"95 Ausias March , 08013 Barcelona, Spain",https://www.tripadvisor.com/Hotel_Review-g187497-d1201348-Reviews-Serennia_Apartments_Arc_de_Triomf-Barcelona_Catalonia.html,422,3.5,2,5,2,1,4
"Calle Mar 16 , 08003 Barcelona, Spain",https://www.tripadvisor.com/Hotel_Review-g187497-d236203-Reviews-Hotel_Marina_Folch-Barcelona_Catalonia.html,435,NaN,4,2,3,0,5
"Carrer de la Unio, 21 , 08001 Barcelona, Spain",https://www.tripadvisor.com/Hotel_Review-g187497-d639414-Reviews-MH_Apartments_Liceo-Barcelona_Catalonia.html,424,3.5,8,10,5,7,27
"Passatge Pere Rodriguez 20 , 08028 Barcelona, Spain",https://www.tripadvisor.com/Hotel_Review-g187497-d232785-Reviews-Hotel_Alguer_Camp_Nou-Barcelona_Catalonia.html,426,NaN,16,4,5,5,8
"Carrer Villarroel 47 , 08011 Barcelona, Spain",https://www.tripadvisor.com/Hotel_Review-g187497-d618243-Reviews-Els_Angels-Barcelona_Catalonia.html,417,1.0,1,7,0,2,4
"Hospital, 23 , 08001 Barcelona, Spain",https://www.tripadvisor.com/Hotel_Review-g187497-d2268168-Reviews-Residencia_Universitaria_San_Agustin-Barcelona_Catalonia.html,409,NaN,3,1,3,3,6
"Avda. Castelldefels 112-114 , 08860 Barcelona, Spain",https://www.tripadvisor.com/Hotel_Review-g187497-d535497-Reviews-Apartamentos_Turisticos_Marsol-Barcelona_Catalonia.html,414,NaN,1,1,0,0,5
"Escudellers, 15 , C/ Nueva de Zurbano 708002 Barcelona, ",https://www.tripadvisor.com/Hotel_Review-g187497-d283455-Reviews-Hotel_Comercio_Barcelona-Barcelona_Catalonia.html,403,NaN,18,17,15,5,24
"Via Augusta, 89-91 , Sant Gervasi08006 Barcelona, ",https://www.tripadvisor.com/Hotel_Review-g187497-d206922-Reviews-NH_Belagua-Barcelona_Catalonia.html,398,NaN,21,8,4,7,33
"Ronda Universidad 1 , 08001 Barcelona, Spain",https://www.tripadvisor.com/Hotel_Review-g187497-d263716-Reviews-Hotel_Condestable-Barcelona_Catalonia.html,391,NaN,30,13,17,9,50
"Gran Via de les Corts Catalanes, 620 , 08007 Barcelona, Spain",https://www.tripadvisor.com/Hotel_Review-g187497-d1379600-Reviews-EnjoyBCN_Coliseum_Apartments-Barcelona_Catalonia.html,401,NaN,0,13,0,1,1
"Arago 281. 2nd fl 1a , 08009 Barcelona, Spain",https://www.tripadvisor.com/Hotel_Review-g187497-d608393-Reviews-Barcelona_City_Hotel_Universal-Barcelona_Catalonia.html,402,1.0,25,30,10,12,47
"Avda. Cardenal Vidal i Barraquer, 15 , 08035 Barcelona, Spain",https://www.tripadvisor.com/Hotel_Review-g187497-d1509588-Reviews-Residencia_Salesiana_Marti_Codolar-Barcelona_Catalonia.html,384,NaN,16,8,4,4,31
"Caspe 1-13 , 08010 Barcelona, Spain",https://www.tripadvisor.com/Hotel_Review-g187497-d206927-Reviews-Barcelona_Atiram_Hotel-Barcelona_Catalonia.html,383,NaN,34,31,8,8,65
"Trav. de Gracia 441 , 08025 Barcelona, Spain",https://www.tripadvisor.com/Hotel_Review-g187497-d651628-Reviews-Hotel_Everest-Barcelona_Catalonia.html,381,NaN,6,15,3,7,26
"Espronceda, 6 , Diagonal Mar, Poblenou08005 Barcelona, ",https://www.tripadvisor.com/Hotel_Review-g187497-d228607-Reviews-NH_Hesperia_Barcelona_del_Mar-Barcelona_Catalonia.html,273,4.0,67,74,15,9,104
"Placa Sant Josep Oriol 1 , Barri Gòtic08002 Barcelona, ",https://www.tripadvisor.com/Hotel_Review-g187497-d236209-Reviews-El_Jardi-Barcelona_Catalonia.html,248,NaN,89,151,32,17,246
"Valencia, 194 , 08011 Barcelona, Spain",https://www.tripadvisor.com/Hotel_Review-g187497-d1153252-Reviews-Uma_Suites-Barcelona_Catalonia.html,126,4.0,12,104,9,3,57
"Rambla de Catalunya 1 , 08007 Barcelona, Spain",https://www.tripadvisor.com/Hotel_Review-g187497-d208589-Reviews-Hotel_Ginebra-Barcelona_Catalonia.html,137,NaN,14,155,2,7,64
"Comte Borrell 41 , 08015 Barcelona, Spain",https://www.tripadvisor.com/Hotel_Review-g187497-d1204654-Reviews-Suite_Dreams_Apts-Barcelona_Catalonia.html,NaN,NaN,NaN,NaN,NaN,NaN,NaN
"Angel Guimera, 79-85 , 08017 Barcelona, Spain",https://www.tripadvisor.com/Hotel_Review-g187497-d1473017-Reviews-Residencia_Guri-Barcelona_Catalonia.html,NaN,NaN,NaN,NaN,NaN,NaN,NaN
"Numancia, 185 , 8034 Barcelona, Spain",https://www.tripadvisor.com/Hotel_Review-g187497-d1185677-Reviews-Rentingflats-Barcelona_Catalonia.html,NaN,NaN,NaN,NaN,NaN,NaN,NaN
"c/ Julia Portet 6, Entlo 1 , 08002 Barcelona, Spain",https://www.tripadvisor.com/Hotel_Review-g187497-d1509420-Reviews-Red_Apartment-Barcelona_Catalonia.html,NaN,NaN,NaN,NaN,NaN,NaN,NaN
"Ronda de la Universitat , 8003 Barcelona, Spain",https://www.tripadvisor.com/Hotel_Review-g187497-d1227072-Reviews-Plaza_de_las_Ollas-Barcelona_Catalonia.html,NaN,NaN,NaN,NaN,NaN,NaN,NaN
"Plaza Tetuan 8 , 08010 Barcelona, Spain",https://www.tripadvisor.com/Hotel_Review-g187497-d614991-Reviews-MH_Apartments_Tetuan-Barcelona_Catalonia.html,386,3.0,8,14,1,5,25
"Alaba, 94-96 , 08018 Barcelona, Spain",https://www.tripadvisor.com/Hotel_Review-g187497-d2327171-Reviews-NH_Barcelona_Diagonal_Center-Barcelona_Catalonia.html,257,3.5,39,64,16,9,103
"Duc, 15 , Ciutat Vella08002 Barcelona, ",https://www.tripadvisor.com/Hotel_Review-g187497-d230832-Reviews-Barcelona_Centro-Barcelona_Catalonia.html,166,3.0,153,651,23,16,697
"Joaquin Costa, 40 , 08001 Barcelona, Spain",https://www.tripadvisor.com/Hotel_Review-g187497-d646546-Reviews-Hotel_Acta_BCN_40-Barcelona_Catalonia.html,238,2.0,50,128,11,13,146
"Carrer Sant Bertran 2 , 08039 Barcelona, Spain",https://www.tripadvisor.com/Hotel_Review-g187497-d1204602-Reviews-Nou_Rambla_Loft_Apartments-Barcelona_Catalonia.html,NaN,NaN,NaN,NaN,NaN,NaN,NaN
"Carrer de Valencia 194 , 08011 Barcelona, Spain",https://www.tripadvisor.com/Hotel_Review-g187497-d1211630-Reviews-Hotel_Services_Apartments_City_Barcelona-Barcelona_Catalonia.html,NaN,NaN,NaN,NaN,NaN,NaN,NaN
NaN,https://www.tripadvisor.com/Hotel_Review-g187497-d619688-Reviews-Hotel_Peru_Playa-Barcelona_Catalonia.html,NaN,NaN,NaN,NaN,NaN,NaN,NaN
"Poligono Mas Blau , 08820 Barcelona, Spain",https://www.tripadvisor.com/Hotel_Review-g187497-d582238-Reviews-HLG_Airprat-Barcelona_Catalonia.html,NaN,NaN,NaN,NaN,NaN,NaN,NaN
"Carrer de la Fruita, 3 , 08002 Barcelona, Spain",https://www.tripadvisor.com/Hotel_Review-g187497-d1227055-Reviews-Gothic_Residential-Barcelona_Catalonia.html,NaN,NaN,NaN,NaN,NaN,NaN,NaN
"Avinguda DIagonal, 8002 , 8002 Barcelona, Spain",https://www.tripadvisor.com/Hotel_Review-g187497-d1196970-Reviews-Feramblas_Apartment-Barcelona_Catalonia.html,NaN,NaN,NaN,NaN,NaN,NaN,NaN
"Miret i Sans 5 y 7 , 08034 Barcelona, Spain",https://www.tripadvisor.com/Hotel_Review-g187497-d651627-Reviews-Europedralbes_Hotel-Barcelona_Catalonia.html,NaN,NaN,NaN,NaN,NaN,NaN,NaN
"Avinguda Diagonal,  8587 , 8587 Barcelona, Spain",https://www.tripadvisor.com/Hotel_Review-g187497-d1217108-Reviews-El_Vilar-Barcelona_Catalonia.html,NaN,NaN,NaN,NaN,NaN,NaN,NaN
"Torrent de les Flors 115, 08012 , 8012 Barcelona, Spain",https://www.tripadvisor.com/Hotel_Review-g187497-d1205453-Reviews-Diamante-Barcelona_Catalonia.html,NaN,NaN,NaN,NaN,NaN,NaN,NaN
"Carrer Calvet, 17 , 08021 Barcelona, Spain",https://www.tripadvisor.com/Hotel_Review-g187497-d1202248-Reviews-Avenir-Barcelona_Catalonia.html,NaN,NaN,NaN,NaN,NaN,NaN,NaN
"Enric Granados 113 , 08036 Barcelona, Spain",https://www.tripadvisor.com/Hotel_Review-g187497-d1204572-Reviews-Apt_Granados_Guest_Rooms-Barcelona_Catalonia.html,NaN,NaN,NaN,NaN,NaN,NaN,NaN
"c/ Quintana, 6 , 08002 Barcelona, Spain",https://www.tripadvisor.com/Hotel_Review-g187497-d6482016-Reviews-Apartamentos_Flats_Club-Barcelona_Catalonia.html,NaN,NaN,NaN,NaN,NaN,NaN,NaN
"Carrer d'En Roig 23 , 08001 Barcelona, Spain",https://www.tripadvisor.com/Hotel_Review-g187497-d1217389-Reviews-Medena-Barcelona_Catalonia.html,499,NaN,0,0,0,3,0
"Carrer Sant Pau, 47 , 08001 Barcelona, Spain",https://www.tripadvisor.com/Hotel_Review-g187497-d1217192-Reviews-AR_Barcelona_Liceo_Ramblas-Barcelona_Catalonia.html,494,NaN,0,0,0,1,0
"c/ Roger de Lluria, 47 , 08009 Barcelona, Spain",https://www.tripadvisor.com/Hotel_Review-g187497-d678843-Reviews-Agua_Alegre-Barcelona_Catalonia.html,491,NaN,8,6,6,7,10
"C/ Boqueria, 12 , 08002 Barcelona, Spain",https://www.tripadvisor.com/Hotel_Review-g187497-d286161-Reviews-Pension_Dali-Barcelona_Catalonia.html,488,NaN,12,5,3,14,9
"A2 Barcelona - Lleida Km 570 , 08294 Barcelona, Spain",https://www.tripadvisor.com/Hotel_Review-g187497-d651635-Reviews-Hotel_Bruc-Barcelona_Catalonia.html,486,NaN,0,1,3,2,0
"Passatge Pages, 11 , 08013 Barcelona, Spain",https://www.tripadvisor.com/Hotel_Review-g187497-d6981331-Reviews-Hostal_Bia-Barcelona_Catalonia.html,496,NaN,12,3,8,8,15
"Calle Santa Anna 35 , 08002 Barcelona, Spain",https://www.tripadvisor.com/Hotel_Review-g187497-d1194869-Reviews-Modernista-Barcelona_Catalonia.html,481,NaN,1,0,0,0,0
"Gran Via Corts Catalanes, 327 , 08014 Barcelona, Spain",https://www.tripadvisor.com/Hotel_Review-g187497-d651516-Reviews-Aparthotel_Acces-Barcelona_Catalonia.html,480,NaN,1,0,0,0,0
"Calle Merce, 11 , 08002 Barcelona, Spain",https://www.tripadvisor.com/Hotel_Review-g187497-d1227115-Reviews-Avimer_31-Barcelona_Catalonia.html,479,NaN,0,1,0,1,0
"Carrer Pintor Gimeno, 2 , 08022 Barcelona, Spain",https://www.tripadvisor.com/Hotel_Review-g187497-d1412362-Reviews-Sant_Gervasi_Apartment_Barcelona-Barcelona_Catalonia.html,478,4.0,1,0,0,0,0
"Carrer Laberint, 1 , 08005 Barcelona, Spain",https://www.tripadvisor.com/Hotel_Review-g187497-d1202241-Reviews-Laberint-Barcelona_Catalonia.html,477,NaN,0,0,0,0,1
"Amilcar, 118 , 08032 Barcelona, Spain",https://www.tripadvisor.com/Hotel_Review-g187497-d651517-Reviews-Hotel_Amilcar-Barcelona_Catalonia.html,476,NaN,1,2,0,0,0
"Passatge Mercat, 4-6 , 08009 Barcelona, Spain",https://www.tripadvisor.com/Hotel_Review-g187497-d1828347-Reviews-Casa_Amalia-Barcelona_Catalonia.html,475,NaN,0,1,1,0,0
"Carrer Correu Vell 6 , 08002 Barcelona, Spain",https://www.tripadvisor.com/Hotel_Review-g187497-d1799581-Reviews-Gothic_Downtown_1-Barcelona_Catalonia.html,474,NaN,0,0,0,0,1
"C/Bobila, 19-23 , 08004 Barcelona, Spain",https://www.tripadvisor.com/Hotel_Review-g187497-d651632-Reviews-Hotel_Alhambra-Barcelona_Catalonia.html,473,NaN,1,0,0,0,1
"Calle Numancia 42 08029 , 08029 Barcelona, Spain",https://www.tripadvisor.com/Hotel_Review-g187497-d1204640-Reviews-The_Sunset-Barcelona_Catalonia.html,472,NaN,0,0,0,0,1
NaN,https://www.tripadvisor.com/Hotel_Review-g187497-d1125694-Reviews-Harbour_Palace_2-Barcelona_Catalonia.html,471,NaN,0,1,0,0,0
"Carrer de Mallorca , Barcelona, Spain",https://www.tripadvisor.com/Hotel_Review-g187497-d1754263-Reviews-B_B_Trilobite_Barcelona-Barcelona_Catalonia.html,469,NaN,0,1,0,0,0
"Dagueria 1 , 08002 Barcelona, Spain",https://www.tripadvisor.com/Hotel_Review-g187497-d1204615-Reviews-Apartments_Jaume_I-Barcelona_Catalonia.html,468,NaN,2,1,2,0,3
"Carrer d'Elkano , 8001 Barcelona, Spain",https://www.tripadvisor.com/Hotel_Review-g187497-d1227217-Reviews-Sonia_s_House-Barcelona_Catalonia.html,467,NaN,0,0,0,0,1
"Las Ramblas , 8001 Barcelona, Spain",https://www.tripadvisor.com/Hotel_Review-g187497-d1205285-Reviews-Ramblas_Liceu-Barcelona_Catalonia.html,466,NaN,0,1,0,0,1
"Ronda Sant Pau, 55 , 08015 Barcelona, Spain",https://www.tripadvisor.com/Hotel_Review-g187497-d651519-Reviews-Ana_Maria_Hotel-Barcelona_Catalonia.html,465,NaN,0,0,0,0,1
"Calle Travessera de Gracia , 8012 Barcelona, Spain",https://www.tripadvisor.com/Hotel_Review-g187497-d1195997-Reviews-Sol_Apartments-Barcelona_Catalonia.html,461,NaN,0,1,0,0,0
"Ronda Sant Elm 4 , 08360 Barcelona, Spain",https://www.tripadvisor.com/Hotel_Review-g187497-d573470-Reviews-Hotel_Carlos-Barcelona_Catalonia.html,458,NaN,0,1,0,0,0
"Portal Nou, 42, Terrassa , 08221 Barcelona, Spain",https://www.tripadvisor.com/Hotel_Review-g187497-d8605007-Reviews-Hotel_Vapor_Gran-Barcelona_Catalonia.html,457,NaN,0,1,0,0,0
"Balmes, 62 , 08007 Barcelona, Spain",https://www.tripadvisor.com/Hotel_Review-g187497-d1227122-Reviews-Gaudi_II-Barcelona_Catalonia.html,456,NaN,0,0,0,0,1
"Calle Cal Rale , Montclair08169 Barcelona, ",https://www.tripadvisor.com/Hotel_Review-g187497-d651609-Reviews-Cal_Rale-Barcelona_Catalonia.html,454,NaN,0,1,0,0,0
"2 Avgda Catalunya , 08150 Barcelona, Spain",https://www.tripadvisor.com/Hotel_Review-g187497-d652551-Reviews-Hotel_Parets_Els_Pins-Barcelona_Catalonia.html,453,NaN,0,1,0,0,1
"Avda. Marques de Argentera, 131 , 08003 Barcelona, Spain",https://www.tripadvisor.com/Hotel_Review-g187497-d1491872-Reviews-AAE_Orleans_Hotel_Barcelona-Barcelona_Catalonia.html,452,NaN,0,1,0,0,1
"Breda 3 , 08029 Barcelona, Spain",https://www.tripadvisor.com/Hotel_Review-g187497-d651526-Reviews-Hotel_Betres-Barcelona_Catalonia.html,451,NaN,0,0,0,0,3
"Avenida Catalunya 63 , Sant Andreu de Llavaneres08007 Barcelona, ",https://www.tripadvisor.com/Hotel_Review-g187497-d666555-Reviews-Vilaclara_Art_Hotel-Barcelona_Catalonia.html,449,NaN,0,3,0,0,0
"Travessera de Gracia 8, 1r 1a , 08021 Barcelona, Spain",https://www.tripadvisor.com/Hotel_Review-g187497-d1217190-Reviews-AR_Barcelona_Calvet-Barcelona_Catalonia.html,448,NaN,0,1,0,0,2
"Calle Pelayo 50 4-4 , The apartments are based in differerent locations.08001 Barcelona, ",https://www.tripadvisor.com/Hotel_Review-g187497-d1204581-Reviews-Barcelona_Nextdoor_Apartments-Barcelona_Catalonia.html,445,NaN,6,8,7,17,13
"Carrer de Calabria 10 , 08015 Barcelona, Spain",https://www.tripadvisor.com/Hotel_Review-g187497-d1490078-Reviews-Apartamentos_Paral_lel_IV-Barcelona_Catalonia.html,444,2.0,0,1,0,0,0
"Ctra. Bassacs, 60 , 08680 Barcelona, Spain",https://www.tripadvisor.com/Hotel_Review-g187497-d652543-Reviews-Hotel_l_Orenta-Barcelona_Catalonia.html,443,NaN,0,0,0,0,1
"Urbanizacion Beltran, S/n , 08269 Barcelona, Spain",https://www.tripadvisor.com/Hotel_Review-g187497-d8618386-Reviews-Apsis_Eada_Monserrat-Barcelona_Catalonia.html,440,NaN,0,2,0,0,0
"Post Bus 15272 , 1001Mg Barcelona, Spain",https://www.tripadvisor.com/Hotel_Review-g187497-d484842-Reviews-Barcelona_Escape_Apartments-Barcelona_Catalonia.html,437,NaN,0,5,0,0,0
"Joan de Austria, 51 , 08005 Barcelona, Spain",https://www.tripadvisor.com/Hotel_Review-g187497-d1931412-Reviews-Ciutadella_Park_Apartments-Barcelona_Catalonia.html,455,NaN,4,4,0,2,3
"Calle Cal Peraire , Montclair08619 Barcelona, ",https://www.tripadvisor.com/Hotel_Review-g187497-d651528-Reviews-Cal_Peraire-Barcelona_Catalonia.html,436,NaN,0,2,0,0,2
"C/ Provenza 408 , 08025 Barcelona, Spain",https://www.tripadvisor.com/Hotel_Review-g187497-d1175301-Reviews-Sport_Barcelona-Barcelona_Catalonia.html,434,NaN,4,6,0,0,6
"Calle Carretera Reial 132 , 08960 Barcelona, Spain",https://www.tripadvisor.com/Hotel_Review-g187497-d1211777-Reviews-City_Park_Hotel_Barcelona-Barcelona_Catalonia.html,429,NaN,9,0,2,1,3
"Carrer de la Creu Coberta, 23 , 08014 Barcelona, Spain",https://www.tripadvisor.com/Hotel_Review-g187497-d1929120-Reviews-Living_Barcelona_Apartments-Barcelona_Catalonia.html,428,NaN,0,0,0,0,2
"Via Laietana , 8003 Barcelona, Spain",https://www.tripadvisor.com/Hotel_Review-g187497-d1207253-Reviews-Casameva-Barcelona_Catalonia.html,416,NaN,0,6,0,0,6
"Passatge Flaugier 31 , 08041 Barcelona, Spain",https://www.tripadvisor.com/Hotel_Review-g187497-d651617-Reviews-Canigo_Hostal-Barcelona_Catalonia.html,410,NaN,1,2,0,0,5
"Lepant 266 , 08013 Barcelona, Spain",https://www.tripadvisor.com/Hotel_Review-g187497-d1569152-Reviews-Sagrada_Familia_Home-Barcelona_Catalonia.html,390,NaN,3,9,0,0,5
"Ctra Matorell Capellades, Km 19.5 , Sant Esteve de Sesrovires08635 Barcelona, ",https://www.tripadvisor.com/Hotel_Review-g187497-d550921-Reviews-Barcelo_Montserrat-Barcelona_Catalonia.html,385,NaN,5,12,3,1,12
"Calle Provenca 340 , 08037 Barcelona, Spain",https://www.tripadvisor.com/Hotel_Review-g187497-d8779132-Reviews-Ibis_Styles_Barcelona_Centre-Barcelona_Catalonia.html,99,NaN,18,109,3,0,89
"Agullers, 22 , 08003 Barcelona, Spain",https://www.tripadvisor.com/Hotel_Review-g187497-d1206008-Reviews-Borne_Star-Barcelona_Catalonia.html,NaN,3.5,NaN,NaN,NaN,NaN,NaN
"Avinguda De Francesc Cambo, 14 , 08003 Barcelona, Spain",https://www.tripadvisor.com/Hotel_Review-g187497-d13451262-Reviews-The_Barcelona_EDITION-Barcelona_Catalonia.html,418,3.0,1,4,0,0,0
"34 Ramblas , Del Teatre Square08002 Barcelona, ",https://www.tripadvisor.com/Hotel_Review-g187497-d234576-Reviews-Apartamentos_Mur_Mar-Barcelona_Catalonia.html,498,NaN,4,3,7,13,8
"Av. Paral-lel, 119 , 08004 Barcelona, Spain",https://www.tripadvisor.com/Hotel_Review-g187497-d652557-Reviews-Hostal_Rio_de_Castro-Barcelona_Catalonia.html,495,2.5,0,0,0,1,0
"C/ Jaume I, 11 , Barrio Gótico08002 Barcelona, ",https://www.tripadvisor.com/Hotel_Review-g187497-d239537-Reviews-Hotel_Jaume_I-Barcelona_Catalonia.html,492,1.0,36,8,18,24,33
"Travesera de Gracia 380-384 , 08025 Barcelona, Spain",https://www.tripadvisor.com/Hotel_Review-g187497-d266809-Reviews-H_TOP_BCN_City-Barcelona_Catalonia.html,483,2.0,24,9,11,8,26
"Carrer Del Cadenal Casanas 4 , 08002 Barcelona, Spain",https://www.tripadvisor.com/Hotel_Review-g187497-d238731-Reviews-Hostal_Paris-Barcelona_Catalonia.html,487,NaN,28,7,7,23,23
"C/ Campoamor 79 , 08031 Barcelona, Spain",https://www.tripadvisor.com/Hotel_Review-g187497-d249509-Reviews-Colors_Hotel-Barcelona_Catalonia.html,485,2.0,16,4,6,4,9
"Carrer Nou de Sant Francesc 25 , Ciutat Vella08002 Barcelona, ",https://www.tripadvisor.com/Hotel_Review-g187497-d14773919-Reviews-Casa_Lirio-Barcelona_Catalonia.html,NaN,1.0,NaN,NaN,NaN,NaN,NaN
"Marques de Barbara 22 , 08001 Barcelona, Spain",https://www.tripadvisor.com/Hotel_Review-g187497-d282941-Reviews-Hotel_Barbara-Barcelona_Catalonia.html,493,1.0,68,15,33,42,52
"C/ Diputacio 234 - 236 , 08007 Barcelona, Spain",https://www.tripadvisor.com/Hotel_Review-g187497-d304310-Reviews-Sansi_Diputacio_Hotel-Barcelona_Catalonia.html,484,4.0,43,36,46,48,68
"Las Ramblas 138 , 08002 Barcelona, Spain",https://www.tripadvisor.com/Hotel_Review-g187497-d208587-Reviews-Hotel_Toledano_and_Hostal_R_Capitol-Barcelona_Catalonia.html,482,NaN,15,8,7,19,25
"Cartagena 369 , 08025 Barcelona, Spain",https://www.tripadvisor.com/Hotel_Review-g187497-d258756-Reviews-Hotel_Aristol-Barcelona_Catalonia.html,406,3.0,10,4,3,0,25
"Rambla Catalunya 8 , 08007 Barcelona, Spain",https://www.tripadvisor.com/Hotel_Review-g187497-d10076183-Reviews-Rent_Top_Apartments_Rambla_Catalunya-Barcelona_Catalonia.html,459,4.0,3,3,0,6,2
"Calle Castillejos, 204 , 08013 Barcelona, Spain",https://www.tripadvisor.com/Hotel_Review-g187497-d652748-Reviews-Hotel_Ruta_de_Francia-Barcelona_Catalonia.html,430,2.0,1,2,1,0,3
"C/Ballester no 77-81 , Plaza Lesseps08023 Barcelona, ",https://www.tripadvisor.com/Hotel_Review-g187497-d586863-Reviews-Hotel_Ronda_Lesseps-Barcelona_Catalonia.html,432,4.0,25,21,19,16,31
"Travessera de Dalt 121-123 , 08024 Barcelona, Spain",https://www.tripadvisor.com/Hotel_Review-g187497-d503532-Reviews-Travessera_Hotel-Barcelona_Catalonia.html,441,2.0,12,10,5,8,9
"La Rambla 44 , 08002 Barcelona, Spain",https://www.tripadvisor.com/Hotel_Review-g187497-d643456-Reviews-Hotel_Fornos-Barcelona_Catalonia.html,425,NaN,18,6,7,10,25
"General Castanos 6 , 08003 Barcelona, Spain",https://www.tripadvisor.com/Hotel_Review-g187497-d489100-Reviews-Lyon_Hotel-Barcelona_Catalonia.html,415,1.0,6,4,4,2,10
"C. Hospital 83 , Ciutat Vella08001 Barcelona, ",https://www.tripadvisor.com/Hotel_Review-g187497-d596510-Reviews-Alba_Hotel_3-Barcelona_Catalonia.html,427,3.0,4,10,4,6,6
"Sant Erasme 19 , 08001 Barcelona, Spain",https://www.tripadvisor.com/Hotel_Review-g187497-d239158-Reviews-Ronda_House_Hotel-Barcelona_Catalonia.html,421,3.0,68,17,46,36,79
"Via Laietana 42 , 08003 Barcelona, Spain",https://www.tripadvisor.com/Hotel_Review-g187497-d237159-Reviews-ILUNION_Almirante-Barcelona_Catalonia.html,439,4.0,111,46,57,79,130
"C/ Consell de Cent, 74 , 08015 Barcelona, Spain",https://www.tripadvisor.com/Hotel_Review-g187497-d14110055-Reviews-Chic_Basic_Velvet-Barcelona_Catalonia.html,423,3.0,0,1,1,0,1
"Onze de Setembre, 156 , 08030 Barcelona, Spain",https://www.tripadvisor.com/Hotel_Review-g187497-d621735-Reviews-Hotel_Blauet-Barcelona_Catalonia.html,431,NaN,4,6,1,0,3
"Nou de la Rambla 15 , 08001 Barcelona, Spain",https://www.tripadvisor.com/Hotel_Review-g187497-d949915-Reviews-La_Rambla_dels_Caputxins-Barcelona_Catalonia.html,433,NaN,3,5,1,3,3
"Avenida de Roma 23 , 08029 Barcelona, Spain",https://www.tripadvisor.com/Hotel_Review-g187497-d229871-Reviews-Hotel_Abbot-Barcelona_Catalonia.html,442,4.0,18,5,15,8,25
"Comtal street, 33 , 08002 Barcelona, Spain",https://www.tripadvisor.com/Hotel_Review-g187497-d628099-Reviews-St_Jordi_Apartments-Barcelona_Catalonia.html,419,3.0,3,14,3,5,8
"Jaime I , 6 , 08002 Barcelona, Spain",https://www.tripadvisor.com/Hotel_Review-g187497-d234569-Reviews-Gran_Hotel_Barcino-Barcelona_Catalonia.html,438,4.0,0,1,0,3,7
"Ramblas, 33 , 08001 Barcelona, Spain",https://www.tripadvisor.com/Hotel_Review-g187497-d229682-Reviews-Ramblas_Hotel-Barcelona_Catalonia.html,420,3.0,111,53,56,70,130
"C/Roger de Lluria 21 , 08010 Barcelona, Spain",https://www.tripadvisor.com/Hotel_Review-g187497-d633539-Reviews-ICON_BCN_by_Petit_Palace-Barcelona_Catalonia.html,412,4.0,0,4,0,0,0
"Placa Major, 6 , Santa Maria de Palautordera08017 Barcelona, ",https://www.tripadvisor.com/Hotel_Review-g187497-d652750-Reviews-Hostal_Turo_de_l_Home-Barcelona_Catalonia.html,460,NaN,3,0,0,0,2
"Ronda de Sant Pere 24 , 08010 Barcelona, Spain",https://www.tripadvisor.com/Hotel_Review-g187497-d208594-Reviews-Hotel_Urquinaona-Barcelona_Catalonia.html,408,1.0,38,29,26,11,89
"Avenida Sarria 9 , 08029 Barcelona, Spain",https://www.tripadvisor.com/Hotel_Review-g187497-d582083-Reviews-Sunotel_Junior-Barcelona_Catalonia.html,375,2.0,47,18,17,6,60
"Cardenal Casanas 6-8 , 08002 Barcelona, Spain",https://www.tripadvisor.com/Hotel_Review-g187497-d10359803-Reviews-May_Ramblas_Hotel-Barcelona_Catalonia.html,392,3.5,7,18,2,4,13
"Carrer de Pelai, 1 , 08001 Barcelona, Spain",https://www.tripadvisor.com/Hotel_Review-g187497-d1412979-Reviews-HLG_CityPark_Pelayo_Hotel-Barcelona_Catalonia.html,365,2.0,29,35,20,10,54
"23 Placa del Sol , 08012 Barcelona, Spain",https://www.tripadvisor.com/Hotel_Review-g187497-d11763281-Reviews-Hotel_La_Casa_del_Sol-Barcelona_Catalonia.html,364,3.0,2,11,0,1,7
"Cardenal Casanas 11 , 08002 Barcelona, Spain",https://www.tripadvisor.com/Hotel_Review-g187497-d1051571-Reviews-Atlas_Hotel-Barcelona_Catalonia.html,400,3.0,25,19,12,7,44
"Arc de Sant Ramon del Call, 4 , 08002 Barcelona, Spain",https://www.tripadvisor.com/Hotel_Review-g187497-d237155-Reviews-Hotel_El_Call-Barcelona_Catalonia.html,397,1.0,64,24,22,14,65
"Calle Paris 101 , 08029 Barcelona, Spain",https://www.tripadvisor.com/Hotel_Review-g187497-d543385-Reviews-Sunotel_Aston-Barcelona_Catalonia.html,394,3.0,68,35,23,18,79
"Ronda Sant Pere, 15 , 08010 Barcelona, Spain",https://www.tripadvisor.com/Hotel_Review-g187497-d314854-Reviews-Bcn_Urban_Hotels_Gran_Ducat-Barcelona_Catalonia.html,376,3.0,71,32,24,16,104
"Pelai 62 , Plaza Cataluña08001 Barcelona, ",https://www.tripadvisor.com/Hotel_Review-g187497-d284018-Reviews-Hotel_Monegal-Barcelona_Catalonia.html,411,2.0,78,50,37,22,105
"Ronda Sant Pau 14 , 08001 Barcelona, Spain",https://www.tripadvisor.com/Hotel_Review-g187497-d227465-Reviews-Hotel_Garbi_Millenni-Barcelona_Catalonia.html,382,4.0,53,35,20,14,84
"Passeig Mare de Deu del Coll 10 , 08023 Barcelona, Spain",https://www.tripadvisor.com/Hotel_Review-g187497-d236194-Reviews-Catalonia_Park_Guell-Barcelona_Catalonia.html,373,3.0,79,56,46,34,120
"Carrer de Ferran, 40-42 , 08002 Barcelona, Spain",https://www.tripadvisor.com/Hotel_Review-g187497-d231526-Reviews-Hotel_Rialto-Barcelona_Catalonia.html,405,3.0,255,100,97,90,330
"C/ Ramblas 78-80 , 08001 Barcelona, Spain",https://www.tripadvisor.com/Hotel_Review-g187497-d238718-Reviews-Hotel_Internacional_Ramblas_Cool-Barcelona_Catalonia.html,379,3.0,78,102,33,38,167
"Capitan Arenas, 20 , 08034 Barcelona, Spain",https://www.tripadvisor.com/Hotel_Review-g187497-d231515-Reviews-Arenas_Atiram_Hotels-Barcelona_Catalonia.html,395,4.0,7,13,11,7,28
"C/ Llanca 30 , 08015 Barcelona, Spain",https://www.tripadvisor.com/Hotel_Review-g187497-d232787-Reviews-Onix_Fira-Barcelona_Catalonia.html,393,3.0,78,36,26,19,97
"C/ Pere Grau, 21 , 08320 Barcelona, Spain",https://www.tripadvisor.com/Hotel_Review-g187497-d652570-Reviews-Hotel_Torino-Barcelona_Catalonia.html,399,1.0,3,8,0,0,4
"Av. Portal de l'Angel, 24 , 08002 Barcelona, Spain",https://www.tripadvisor.com/Hotel_Review-g187497-d652577-Reviews-Hostal_Lausanne-Barcelona_Catalonia.html,413,NaN,16,7,4,4,27
"Capitan Arenas 51 , 08034 Barcelona, Spain",https://www.tripadvisor.com/Hotel_Review-g187497-d234570-Reviews-Bonanova_Park-Barcelona_Catalonia.html,377,2.0,11,24,1,7,35
"Via Laietana, 17 , 08002 Barcelona, Spain",https://www.tripadvisor.com/Hotel_Review-g187497-d234574-Reviews-Exe_Laietana_Palace-Barcelona_Catalonia.html,378,4.0,69,47,43,40,112
"68th Putxet St , 08023 Barcelona, Spain",https://www.tripadvisor.com/Hotel_Review-g187497-d228483-Reviews-Catalonia_Park_Putxet_Hotel-Barcelona_Catalonia.html,371,4.0,79,54,38,49,99
"Carrer de Lope de Vega, 4 , 08005 Barcelona, Spain",https://www.tripadvisor.com/Hotel_Review-g187497-d228463-Reviews-Euro_Hotel_Barcelona_Port-Barcelona_Catalonia.html,404,4.0,90,40,36,16,125
"Vilana, 7 , 08017 Barcelona, Spain",https://www.tripadvisor.com/Hotel_Review-g187497-d237154-Reviews-Vilana_Hotel-Barcelona_Catalonia.html,380,4.0,4,9,2,1,12
"Gran Via de las Cortes Catalanas, 682 , 08010 Barcelona, Spain",https://www.tripadvisor.com/Hotel_Review-g187497-d7234979-Reviews-Amra_Barcelona_Gran_Via-Barcelona_Catalonia.html,363,3.5,6,33,3,5,22
"Carrer de Ferran, 21 , 08002 Barcelona, Spain",https://www.tripadvisor.com/Hotel_Review-g187497-d229872-Reviews-Hotel_Adagio-Barcelona_Catalonia.html,359,2.0,48,47,25,17,98
"Via Augusta 167 , Zona Alta08021 Barcelona, ",https://www.tripadvisor.com/Hotel_Review-g187497-d239524-Reviews-Aparthotel_Senator_Barcelona-Barcelona_Catalonia.html,407,3.0,8,9,3,5,9
"Calvet 40-42 , 08021 Barcelona, Spain",https://www.tripadvisor.com/Hotel_Review-g187497-d277228-Reviews-AC_Hotel_Irla-Barcelona_Catalonia.html,361,3.0,36,33,12,8,56
"Diputacio 257 , 08007 Barcelona, Spain",https://www.tripadvisor.com/Hotel_Review-g187497-d206937-Reviews-Exe_Cristal_Palace-Barcelona_Catalonia.html,369,4.0,85,72,34,27,152
"Calle Nou de la Rambla 50 , 08001 Barcelona, Spain",https://www.tripadvisor.com/Hotel_Review-g187497-d595547-Reviews-Be_Ramblas_Hotel-Barcelona_Catalonia.html,396,NaN,39,22,11,8,41
"Antoni de Capmany, 82 , 08014 Barcelona, Spain",https://www.tripadvisor.com/Hotel_Review-g187497-d2538214-Reviews-Hostal_Sans-Barcelona_Catalonia.html,362,NaN,21,26,9,4,44
"Plaza Reial 11 , 08002 Barcelona, Spain",https://www.tripadvisor.com/Hotel_Review-g187497-d263714-Reviews-Roma_Reial_Hotel-Barcelona_Catalonia.html,388,1.0,95,48,52,29,128
"Pelai 9 , Piso 1º-1ª08001 Barcelona, ",https://www.tripadvisor.com/Hotel_Review-g187497-d239590-Reviews-Hotel_Pelayo-Barcelona_Catalonia.html,355,1.0,23,16,6,6,30
"Bisbe Sivilla, 7 , 08022 Barcelona, Spain",https://www.tripadvisor.com/Hotel_Review-g187497-d238721-Reviews-Bonanova-Barcelona_Catalonia.html,328,3.0,5,12,0,1,25
"Calle Ausias March 25, 1st Floor , 08010 Barcelona, Spain",https://www.tripadvisor.com/Hotel_Review-g187497-d9595744-Reviews-Aparthotel_Mayerling_Abamita-Barcelona_Catalonia.html,312,3.0,1,19,0,0,0
"Calatrava 32-34 , 08017 Barcelona, Spain",https://www.tripadvisor.com/Hotel_Review-g187497-d231529-Reviews-Tres_Torres_Atiram_Hotel-Barcelona_Catalonia.html,334,3.0,9,24,10,0,32
"Gran Via de les Corts Catalanes 570 , 08011 Barcelona, Spain",https://www.tripadvisor.com/Hotel_Review-g187497-d671023-Reviews-Sunotel_Central-Barcelona_Catalonia.html,356,4.0,102,72,43,25,158
"Ronda Sant Antoni 49 , 08011 Barcelona, Spain",https://www.tripadvisor.com/Hotel_Review-g187497-d590284-Reviews-BCN_Urban_Hotels_Gran_Ronda-Barcelona_Catalonia.html,348,3.0,74,58,18,15,145
"Valencia 157 , 08011 Barcelona, Spain",https://www.tripadvisor.com/Hotel_Review-g187497-d4741644-Reviews-Sunotel_Club_Central-Barcelona_Catalonia.html,317,4.0,53,48,9,8,71
"C/ Hospital N 11 , Boqueria Market, Las Ramblas, Barrio Gótico, Plaza Catalunya08001 Barcelona, ",https://www.tripadvisor.com/Hotel_Review-g187497-d232779-Reviews-Moderno_Hotel_Bcn-Barcelona_Catalonia.html,366,NaN,76,107,36,21,186
"Rector Triado 82 , 08014 Barcelona, Spain",https://www.tripadvisor.com/Hotel_Review-g187497-d579667-Reviews-Transit_Hotel-Barcelona_Catalonia.html,372,1.0,24,9,9,8,37
"Santa Caterina 38 , 08930, Sant Adria Del Besos, Barcelona08003 Barcelona, ",https://www.tripadvisor.com/Hotel_Review-g187497-d606469-Reviews-Ciutat_de_Sant_Adria_Hotel-Barcelona_Catalonia.html,389,2.0,20,22,10,2,24
"C/ Mallorca 1-23 , 08014 Barcelona, Spain",https://www.tripadvisor.com/Hotel_Review-g187497-d228500-Reviews-Expo_Hotel_Barcelona-Barcelona_Catalonia.html,368,4.0,315,333,118,80,623
"Paseo de Gracia, 29-31 , 08007 Barcelona, Spain",https://www.tripadvisor.com/Hotel_Review-g187497-d1008130-Reviews-Eurostars_BCN_Design-Barcelona_Catalonia.html,343,5.0,67,107,32,17,94
"C/ Botanica 25 , L'Hospitalet de Llobregat08908 Barcelona, ",https://www.tripadvisor.com/Hotel_Review-g187497-d601350-Reviews-Travelodge_Barcelona_Fira-Barcelona_Catalonia.html,370,3.0,14,25,3,8,16
"Comte Borrell 208 , 08029 Barcelona, Spain",https://www.tripadvisor.com/Hotel_Review-g187497-d487644-Reviews-Hotel_Zenit_Borrell-Barcelona_Catalonia.html,319,4.0,45,55,14,9,105
"Carrer de Sants 383 , 08028 Barcelona, Spain",https://www.tripadvisor.com/Hotel_Review-g187497-d12810925-Reviews-Ona_Hotels_Arya-Barcelona_Catalonia.html,360,3.0,0,9,0,0,1
"Passeig Garcia Faria 69-71 , 08019 Barcelona, Spain",https://www.tripadvisor.com/Hotel_Review-g187497-d228621-Reviews-Hotel_Front_Maritim-Barcelona_Catalonia.html,374,4.0,140,101,49,27,191
"Passeig de Sant Antoni 36-40 , 08014 Barcelona, Spain",https://www.tripadvisor.com/Hotel_Review-g187497-d1176318-Reviews-AC_Hotel_Sants-Barcelona_Catalonia.html,342,4.0,77,77,22,12,150
"Av. Pearson 1 - 3 , Pedralbes08034 Barcelona, ",https://www.tripadvisor.com/Hotel_Review-g187497-d236195-Reviews-Sansi_Pedralbes-Barcelona_Catalonia.html,349,NaN,7,36,1,4,20
"Mallorca 216 , 08009 Barcelona, Spain",https://www.tripadvisor.com/Hotel_Review-g187497-d1950986-Reviews-Balmes_Residence-Barcelona_Catalonia.html,367,4.0,4,10,0,0,7
"Sant Pau, 34 , 08001 Barcelona, Spain",https://www.tripadvisor.com/Hotel_Review-g187497-d237153-Reviews-Hotel_Peninsular-Barcelona_Catalonia.html,387,1.0,65,46,36,34,97
"Nou de la Rambla 36 , 08001 Barcelona, Spain",https://www.tripadvisor.com/Hotel_Review-g187497-d667881-Reviews-Onix_Liceo_Hotel-Barcelona_Catalonia.html,323,4.0,61,129,36,18,151
"Calle Muntaner 505 , 08022 Barcelona, Spain",https://www.tripadvisor.com/Hotel_Review-g187497-d228572-Reviews-Hotel_Catalonia_Barcelona_505-Barcelona_Catalonia.html,338,4.0,36,60,21,10,70
"C/ Cabanes 34 , 08004 Barcelona, Spain",https://www.tripadvisor.com/Hotel_Review-g187497-d231523-Reviews-Hotel_Nuevo_Triunfo-Barcelona_Catalonia.html,354,2.0,28,30,10,13,55
"Gravina 12 , 08001 Barcelona, Spain",https://www.tripadvisor.com/Hotel_Review-g187497-d232777-Reviews-Grupotel_Gravina-Barcelona_Catalonia.html,321,3.0,92,215,45,22,281
"C/ Balmes, 142-146 , 08008 Barcelona, Spain",https://www.tripadvisor.com/Hotel_Review-g187497-d228576-Reviews-Catalonia_Diagonal_Centro-Barcelona_Catalonia.html,329,4.0,42,57,21,15,96
"Travessera de les Corts, 292 , 08029 Barcelona, Spain",https://www.tripadvisor.com/Hotel_Review-g187497-d206929-Reviews-NH_Barcelona_Les_Corts-Barcelona_Catalonia.html,331,3.0,33,31,7,4,47
"Passeig de Gracia, 115 , 08008 Barcelona, Spain",https://www.tripadvisor.com/Hotel_Review-g187497-d10850379-Reviews-CoolRooms_Paseo_de_Gracia-Barcelona_Catalonia.html,358,4.0,0,22,1,1,3
"Las Ramblas 22-24 , 08002 Barcelona, Spain",https://www.tripadvisor.com/Hotel_Review-g187497-d2500594-Reviews-Eurostars_Ramblas-Barcelona_Catalonia.html,313,4.0,44,65,6,13,74
"Carme 38 , 08001 Barcelona, Spain",https://www.tripadvisor.com/Hotel_Review-g187497-d503529-Reviews-Hotel_Aneto-Barcelona_Catalonia.html,357,NaN,54,32,15,14,94
"Sant Pau 15 , 08015 Barcelona, Spain",https://www.tripadvisor.com/Hotel_Review-g187497-d609868-Reviews-Hostal_River-Barcelona_Catalonia.html,353,NaN,13,17,2,3,43
"Concell de Cent, 74 , 08015 Barcelona, Spain",https://www.tripadvisor.com/Hotel_Review-g187497-d206931-Reviews-Hotel_Sant_Angelo-Barcelona_Catalonia.html,269,NaN,30,44,11,3,64
"C/ Escudellers, 19 , 08002 Barcelona, Spain",https://www.tripadvisor.com/Hotel_Review-g187497-d290554-Reviews-Hotel_Barcelona_House-Barcelona_Catalonia.html,339,3.0,162,177,70,35,331
"Plaza Palacio 19 , 08003 Barcelona, Spain",https://www.tripadvisor.com/Hotel_Review-g187497-d1228670-Reviews-Hotel_Del_Mar-Barcelona_Catalonia.html,326,3.0,54,61,17,15,158
"84 Rambla de Catalunya , 08008 Barcelona, Spain",https://www.tripadvisor.com/Hotel_Review-g187497-d12701699-Reviews-Ona_Hotels_Mosaic-Barcelona_Catalonia.html,336,3.0,3,20,2,1,4
"Loreto, 21 , 08029 Barcelona, Spain",https://www.tripadvisor.com/Hotel_Review-g187497-d206933-Reviews-Hotel_Derby-Barcelona_Catalonia.html,318,4.0,69,68,19,11,133
"Carrer de la Boqueria, 19 , 08002 Barcelona, Spain",https://www.tripadvisor.com/Hotel_Review-g187497-d599059-Reviews-Hotel_Ingles-Barcelona_Catalonia.html,340,1.0,35,33,9,10,85
"Josep Tarradellas 119-121 , 08029 Barcelona, Spain",https://www.tripadvisor.com/Hotel_Review-g187497-d581779-Reviews-Hotel_Medium_Prisma-Barcelona_Catalonia.html,332,2.0,25,28,5,5,38
"Carrer de Santa Anna, 24 , 08002 Barcelona, Spain",https://www.tripadvisor.com/Hotel_Review-g187497-d601230-Reviews-Hotel_Catalunya-Barcelona_Catalonia.html,320,2.0,34,32,7,12,73
"Avda Parallel 64 , 08001 Barcelona, Spain",https://www.tripadvisor.com/Hotel_Review-g187497-d280861-Reviews-Hotel_Auto_Hogar-Barcelona_Catalonia.html,333,3.0,156,137,76,71,266
"Gran Via de les Corts Catalanes, 327 , 08014 Barcelona, Spain",https://www.tripadvisor.com/Hotel_Review-g187497-d250783-Reviews-Hotel_Acta_Azul_Barcelona-Barcelona_Catalonia.html,315,3.0,15,47,7,5,55
"Calle Lepanto 406 , 08025 Barcelona, Spain",https://www.tripadvisor.com/Hotel_Review-g187497-d231528-Reviews-ILUNION_Bel_Art-Barcelona_Catalonia.html,314,4.0,12,12,1,4,18
"Placa duc de Medinaceli 8 , 08002 Barcelona, Spain",https://www.tripadvisor.com/Hotel_Review-g187497-d603788-Reviews-Hotel_Medinaceli-Barcelona_Catalonia.html,346,4.0,84,76,25,22,144
"Calle Pallars 121-125 , 08018 Barcelona, Spain",https://www.tripadvisor.com/Hotel_Review-g187497-d1536366-Reviews-Hotel_Spa_Villa_Olimpica_Suites-Barcelona_Catalonia.html,352,4.0,38,53,18,25,101
"Calle Padilla 173 , 08013 Barcelona, Spain",https://www.tripadvisor.com/Hotel_Review-g187497-d229875-Reviews-Hotel_Glories-Barcelona_Catalonia.html,330,3.0,51,38,18,11,105
"Viladomat, 197 , 08015 Barcelona, Spain",https://www.tripadvisor.com/Hotel_Review-g187497-d232786-Reviews-Hotel_Exe_AB_Viladomat-Barcelona_Catalonia.html,350,3.0,69,96,23,15,169
"Bertran 9-15 , 08023 Barcelona, Spain",https://www.tripadvisor.com/Hotel_Review-g187497-d232775-Reviews-Exe_Mitre-Barcelona_Catalonia.html,341,3.0,29,44,10,5,76
"Carrer de Llacuna 32 , Poblenou08005 Barcelona, ",https://www.tripadvisor.com/Hotel_Review-g187497-d3533952-Reviews-Travelodge_Barcelona_Poblenou-Barcelona_Catalonia.html,347,1.0,140,235,68,37,350
"Muntaner, 212 , 08036 Barcelona, Spain",https://www.tripadvisor.com/Hotel_Review-g187497-d237156-Reviews-Guitart_Grand_Passage-Barcelona_Catalonia.html,292,4.0,23,51,15,9,50
"Pla de Palau 17 , 08003 Barcelona, Spain",https://www.tripadvisor.com/Hotel_Review-g187497-d237160-Reviews-Hotel_Oasis-Barcelona_Catalonia.html,322,2.0,96,124,52,43,274
"C/Pallars 203 , 08005 Barcelona, Spain",https://www.tripadvisor.com/Hotel_Review-g187497-d1056883-Reviews-Holiday_Inn_Express_Barcelona_City_22-Barcelona_Catalonia.html,325,3.0,224,191,39,31,399
"Placa Sant Agusti 3 , 08001 Barcelona, Spain",https://www.tripadvisor.com/Hotel_Review-g187497-d234573-Reviews-Hotel_Sant_Agusti-Barcelona_Catalonia.html,344,3.0,109,101,56,15,278
"Avenida de Roma 31 , 08029 Barcelona, Spain",https://www.tripadvisor.com/Hotel_Review-g187497-d238750-Reviews-Catalonia_Roma-Barcelona_Catalonia.html,327,3.0,30,16,13,13,51
"Rambla de Sant Josep 91 - 93 , 08001 Barcelona, Spain",https://www.tripadvisor.com/Hotel_Review-g187497-d1201345-Reviews-Exe_Ramblas_Boqueria-Barcelona_Catalonia.html,278,3.0,41,71,10,6,102
"154 Carrer de Badajoz , 08018 Barcelona, Spain",https://www.tripadvisor.com/Hotel_Review-g187497-d12514004-Reviews-Hotel_SB_Glow-Barcelona_Catalonia.html,324,4.5,16,32,6,7,28
"C/ Numancia 32 , 08029 Barcelona, Spain",https://www.tripadvisor.com/Hotel_Review-g187497-d228626-Reviews-Abba_Sants_Hotel-Barcelona_Catalonia.html,351,4.5,59,80,9,3,143
"Pallars 128 - 130 , 08018 Barcelona, Spain",https://www.tripadvisor.com/Hotel_Review-g187497-d280922-Reviews-Salles_Hotel_Pere_IV-Barcelona_Catalonia.html,345,4.0,5,18,0,2,8
"C/ Berruguete 126 , 08035 Barcelona, Spain",https://www.tripadvisor.com/Hotel_Review-g187497-d228464-Reviews-Alimara_Barcelona_Hotel-Barcelona_Catalonia.html,337,4.0,52,59,21,17,117
"C/ Sicilia 166-170 , Ausias March 113-11508013 Barcelona, ",https://www.tripadvisor.com/Hotel_Review-g187497-d604501-Reviews-ILUNION_Auditori-Barcelona_Catalonia.html,316,3.0,102,147,26,17,230
"Carrer del Comte Borrell 68 , 08015 Barcelona, Spain",https://www.tripadvisor.com/Hotel_Review-g187497-d647354-Reviews-Market_Hotel-Barcelona_Catalonia.html,335,3.0,82,138,31,17,233
"Sant Gervasi de Cassoles 26 , 08022 Barcelona, Spain",https://www.tripadvisor.com/Hotel_Review-g187497-d228595-Reviews-Silken_St_Gervasi_Hotel-Barcelona_Catalonia.html,279,3.0,37,74,8,9,111
"08011 , C/ Valencia, 15408011 Barcelona, ",https://www.tripadvisor.com/Hotel_Review-g187497-d234566-Reviews-Barcelona_Century_Hotel-Barcelona_Catalonia.html,285,NaN,30,29,5,8,83
"Calle Pelayo 6 , 08001 Barcelona, Spain",https://www.tripadvisor.com/Hotel_Review-g187497-d507800-Reviews-Chic_Basic_Lemon-Barcelona_Catalonia.html,255,NaN,22,49,8,3,79
"Rambla del Raval, 8 , 08001 Barcelona, Spain",https://www.tripadvisor.com/Hotel_Review-g187497-d12103449-Reviews-Niu_Barcelona_Hotel-Barcelona_Catalonia.html,274,3.0,2,26,0,0,11
"Sepulveda 180 , 08011 Barcelona, Spain",https://www.tripadvisor.com/Hotel_Review-g187497-d579016-Reviews-Hotel_Advance-Barcelona_Catalonia.html,265,4.0,25,78,17,8,88
"Arago, 256 , 08007 Barcelona, Spain",https://www.tripadvisor.com/Hotel_Review-g187497-d266810-Reviews-HCC_Taber-Barcelona_Catalonia.html,284,3.0,55,36,11,9,103
"Paseo Bonanova 58 , 08017 Barcelona, Spain",https://www.tripadvisor.com/Hotel_Review-g187497-d228492-Reviews-Catalonia_Mikado_Hotel-Barcelona_Catalonia.html,288,3.0,7,22,5,2,24
"Castillejos 340 , 08025 Barcelona, Spain",https://www.tripadvisor.com/Hotel_Review-g187497-d266811-Reviews-Hotel_Medicis-Barcelona_Catalonia.html,261,NaN,41,57,8,2,75
"D' Angli, 60 , 08017 Barcelona, Spain",https://www.tripadvisor.com/Hotel_Review-g187497-d596514-Reviews-Eurostars_Angli-Barcelona_Catalonia.html,283,4.0,25,47,5,7,55
"Via Augusta 127 , 08006 Barcelona, Spain",https://www.tripadvisor.com/Hotel_Review-g187497-d206923-Reviews-Mercure_Barcelona_Condor-Barcelona_Catalonia.html,266,4.0,14,27,8,5,37
"Passeig Joan de Borbo, 54 , 08003 Barcelona, Spain",https://www.tripadvisor.com/Hotel_Review-g187497-d654600-Reviews-Hotel_54_Barceloneta-Barcelona_Catalonia.html,307,NaN,27,42,10,6,57
"Diputacion Street, 383 , 08013 Barcelona, Spain",https://www.tripadvisor.com/Hotel_Review-g187497-d260656-Reviews-Hotel_SERHS_Carlit-Barcelona_Catalonia.html,302,3.0,28,36,13,5,66
"Avenida Marques de l'Argentera 4 , 08003 Barcelona, Spain",https://www.tripadvisor.com/Hotel_Review-g187497-d3565806-Reviews-Hotel_Ciutadella_Barcelona-Barcelona_Catalonia.html,300,4.0,49,83,11,9,147
"C/ Santalo 8 , 08021 Barcelona, Spain",https://www.tripadvisor.com/Hotel_Review-g187497-d231531-Reviews-Hotel_Zenit_Barcelona-Barcelona_Catalonia.html,303,4.0,31,61,15,4,76
"Gran Via de les Corts Catalanes 574 , 08011 Barcelona, Spain",https://www.tripadvisor.com/Hotel_Review-g187497-d228556-Reviews-Caledonian_Hotel-Barcelona_Catalonia.html,286,3.0,57,111,27,15,166
"Nou de Sant Francesc 40 , 08002 Barcelona, Spain",https://www.tripadvisor.com/Hotel_Review-g187497-d634631-Reviews-Hotel_Canton-Barcelona_Catalonia.html,256,1.0,44,63,10,4,123
"Maria Cubi, 62-64 , 08006 Barcelona, Spain",https://www.tripadvisor.com/Hotel_Review-g187497-d231505-Reviews-Aparthotel_Mariano_Cubi-Barcelona_Catalonia.html,271,4.0,32,80,13,16,116
"Boqueria, 23 , Ciutat Vella08002 Barcelona, ",https://www.tripadvisor.com/Hotel_Review-g187497-d648030-Reviews-Hotel_Condal-Barcelona_Catalonia.html,304,2.0,71,47,18,10,131
"Consell de Cent, 444 , Esquina Napols08013 Barcelona, ",https://www.tripadvisor.com/Hotel_Review-g187497-d282607-Reviews-Hotel_Aranea-Barcelona_Catalonia.html,298,3.0,94,110,36,18,220
"Consell de Cent 498-500 , 08013 Barcelona, Spain",https://www.tripadvisor.com/Hotel_Review-g187497-d549454-Reviews-Eurostars_Monumental-Barcelona_Catalonia.html,287,4.0,47,68,14,3,91
"Avinguda del Parallel, 115 , 08004 Barcelona, Spain",https://www.tripadvisor.com/Hotel_Review-g187497-d309580-Reviews-Silken_Concordia_Hotel-Barcelona_Catalonia.html,270,4.0,67,116,33,8,234
"Avda Meridiana 151 , 08026 Barcelona, Spain",https://www.tripadvisor.com/Hotel_Review-g187497-d228469-Reviews-Catalonia_Atenas_Hotel-Barcelona_Catalonia.html,295,4.0,111,170,44,56,230
"Calle Muntaner 2 , 08011 Barcelona, Spain",https://www.tripadvisor.com/Hotel_Review-g187497-d227463-Reviews-Hotel_Acta_Splendid-Barcelona_Catalonia.html,272,3.0,49,86,18,8,164
"Nicaragua 47 , 08029 Barcelona, Spain",https://www.tripadvisor.com/Hotel_Review-g187497-d1103924-Reviews-Hotel_Acta_City47-Barcelona_Catalonia.html,310,4.0,71,107,26,10,164
"Rambla de Catalunya, 24 , 08007 Barcelona, Spain",https://www.tripadvisor.com/Hotel_Review-g187497-d489054-Reviews-Onix_Rambla_Hotel-Barcelona_Catalonia.html,251,3.0,29,118,15,6,125
"Pintor Fortuny, 13 , 08001 Barcelona, Spain",https://www.tripadvisor.com/Hotel_Review-g187497-d1408080-Reviews-Hotel_Silken_Ramblas_Barcelona-Barcelona_Catalonia.html,280,4.0,131,163,54,39,279
"Av Marques de L'Argentera 11 , 08003 Barcelona, Spain",https://www.tripadvisor.com/Hotel_Review-g187497-d234578-Reviews-Park_Hotel_Barcelona-Barcelona_Catalonia.html,254,3.0,56,132,12,9,238
"Roger de Lluria 60 , 08009 Barcelona, Spain",https://www.tripadvisor.com/Hotel_Review-g187497-d275098-Reviews-Catalonia_Eixample_1864-Barcelona_Catalonia.html,253,4.0,85,166,34,22,204
"Provencals 10 , 08019 Barcelona, Spain",https://www.tripadvisor.com/Hotel_Review-g187497-d229678-Reviews-Attica_21_Barcelona_Mar-Barcelona_Catalonia.html,268,4.0,68,123,13,10,179
"Avenida Icaria 195 , 08005 Barcelona, Spain",https://www.tripadvisor.com/Hotel_Review-g187497-d498018-Reviews-Hotel_SB_Icaria_Barcelona-Barcelona_Catalonia.html,305,4.0,151,250,45,29,404
"173 Sant Antoni Maria Claret , Esquina Sant Quintí08041 Barcelona, ",https://www.tripadvisor.com/Hotel_Review-g187497-d234579-Reviews-Amrey_Sant_Pau-Barcelona_Catalonia.html,281,2.0,45,79,9,10,117
"c/ Rosellon 174-176 , 08036 Barcelona, Spain",https://www.tripadvisor.com/Hotel_Review-g187497-d8115750-Reviews-BCN_Urban_Hotels_Gran_Rosellon-Barcelona_Catalonia.html,260,4.0,10,27,4,1,25
"Santa Ana 25 , 08002 Barcelona, Spain",https://www.tripadvisor.com/Hotel_Review-g187497-d208595-Reviews-Hotel_Cortes-Barcelona_Catalonia.html,297,NaN,47,47,11,10,115
"Paseo Andreu Nin 9 , Heron City08016 Barcelona, ",https://www.tripadvisor.com/Hotel_Review-g187497-d231518-Reviews-Ibis_Barcelona_Meridiana-Barcelona_Catalonia.html,276,2.0,68,62,11,14,139
"Calle Diputacion, 142 , 08015 Barcelona, Spain",https://www.tripadvisor.com/Hotel_Review-g187497-d590411-Reviews-Bcn_Urban_Hotels_Del_Comte-Barcelona_Catalonia.html,264,2.0,38,60,15,8,110
"Rambla Canaletes 125 , 08001 Barcelona, Spain",https://www.tripadvisor.com/Hotel_Review-g187497-d208591-Reviews-Hotel_Lloret_Ramblas-Barcelona_Catalonia.html,309,NaN,128,140,27,23,240
"Josep Trueta, 2 , Sant Joan Despi08970 Barcelona, ",https://www.tripadvisor.com/Hotel_Review-g187497-d228592-Reviews-Hesperia_Sant_Joan-Barcelona_Catalonia.html,262,3.0,62,106,10,8,133
"Santa Ana, 18-20 , 08002 Barcelona, Spain",https://www.tripadvisor.com/Hotel_Review-g187497-d232788-Reviews-Nouvel_Hotel-Barcelona_Catalonia.html,267,3.0,136,210,51,39,364
"C/ de la Diputacio, 100 , 08015 Barcelona, Spain",https://www.tripadvisor.com/Hotel_Review-g187497-d313044-Reviews-Leonardo_Hotel_Barcelona_Gran_Via-Barcelona_Catalonia.html,306,3.0,44,73,4,5,146
"Ecuador, 20 , 08029 Barcelona, Spain",https://www.tripadvisor.com/Hotel_Review-g187497-d206924-Reviews-NH_Barcelona_Entenza-Barcelona_Catalonia.html,282,3.0,16,18,5,0,44
"Carrer Doctor Trueta, 164 , 08005 Barcelona, Spain",https://www.tripadvisor.com/Hotel_Review-g187497-d1597580-Reviews-Hotel_4_Barcelona-Barcelona_Catalonia.html,308,4.0,123,243,25,22,322
"Aragon 569 Bis , 08026 Barcelona, Spain",https://www.tripadvisor.com/Hotel_Review-g187497-d228544-Reviews-Hotel_Catalonia_Sagrada_Familia-Barcelona_Catalonia.html,290,3.0,109,147,48,34,236
"Via Laietana, 3 , 08003 Barcelona, Spain",https://www.tripadvisor.com/Hotel_Review-g187497-d1485476-Reviews-Hotel_Colonial_Barcelona-Barcelona_Catalonia.html,299,4.0,108,145,28,21,205
"c/Rauric 14 , 08002 Barcelona, Spain",https://www.tripadvisor.com/Hotel_Review-g187497-d208593-Reviews-Hotel_California-Barcelona_Catalonia.html,277,3.0,54,95,10,11,182
"Joan Guell 207-211 , 08028 Barcelona, Spain",https://www.tripadvisor.com/Hotel_Review-g187497-d231504-Reviews-Aparthotel_Atenea-Barcelona_Catalonia.html,263,4.0,40,78,8,7,130
"Calle Corsega, 541-543 , 08025 Barcelona, Spain",https://www.tripadvisor.com/Hotel_Review-g187497-d601289-Reviews-Hotel_Sagrada_Familia-Barcelona_Catalonia.html,293,3.0,95,132,26,13,232
"Travessera de les Corts, 150-152 , 08020 Barcelona, Spain",https://www.tripadvisor.com/Hotel_Review-g187497-d206925-Reviews-NH_Barcelona_Stadium-Barcelona_Catalonia.html,258,4.0,38,85,14,5,124
"Avda Diagonal 205 , 08018 Barcelona, Spain",https://www.tripadvisor.com/Hotel_Review-g187497-d518349-Reviews-The_Gates_Diagonal_Barcelona-Barcelona_Catalonia.html,259,4.0,213,413,79,43,589
"Ramblas, 45 , 08001 Barcelona, Spain",https://www.tripadvisor.com/Hotel_Review-g187497-d250390-Reviews-Oriente_Atiram-Barcelona_Catalonia.html,252,3.0,210,383,62,53,545
"Carrer de Pelai 22-24 , 08001 Barcelona, Spain",https://www.tripadvisor.com/Hotel_Review-g187497-d232782-Reviews-Lleo_Hotel-Barcelona_Catalonia.html,250,3.0,101,269,30,25,359
"C/Cardenal Reig 11 , 08028 Barcelona, Spain",https://www.tripadvisor.com/Hotel_Review-g187497-d280923-Reviews-Senator_Barcelona_Spa_Hotel-Barcelona_Catalonia.html,301,NaN,150,193,55,41,261
"Ramon Turro 196-198 , 08005 Barcelona, Spain",https://www.tripadvisor.com/Hotel_Review-g187497-d1048732-Reviews-Ilunion_Barcelona-Barcelona_Catalonia.html,296,4.0,98,175,42,28,286
"Av. Paral.lel 57-59 , 08004 Barcelona, Spain",https://www.tripadvisor.com/Hotel_Review-g187497-d231502-Reviews-Tryp_Barcelona_Apolo_Hotel-Barcelona_Catalonia.html,311,4.0,438,573,151,91,891
"Zona Franca Calle K , 08040 Barcelona, Spain",https://www.tripadvisor.com/Hotel_Review-g187497-d227467-Reviews-Best_Western_Plus_Hotel_Alfa_Aeropuerto-Barcelona_Catalonia.html,291,4.0,116,171,56,43,248
"Plaza Levante, s/n , 08039 Barcelona, Spain",https://www.tripadvisor.com/Hotel_Review-g187497-d1223953-Reviews-Hotel_SB_Diagonal_Zero-Barcelona_Catalonia.html,294,4.5,175,274,59,41,385
"Paseo Taulat 278 , 08019 Barcelona, Spain",https://www.tripadvisor.com/Hotel_Review-g187497-d501108-Reviews-AC_Hotel_Barcelona_Forum_by_Marriott-Barcelona_Catalonia.html,249,4.0,184,267,51,37,372
"Plaza Cataluna 10 , Esquina con paseo de Gracia08002 Barcelona, ",https://www.tripadvisor.com/Hotel_Review-g187497-d12715685-Reviews-Iberostar_Paseo_de_Gracia-Barcelona_Catalonia.html,289,4.0,1,42,2,3,5
"Calle Balmes, 103-105 , Esquina Mallorca08008 Barcelona, ",https://www.tripadvisor.com/Hotel_Review-g187497-d596508-Reviews-Barcelona_Center_Hotel-Barcelona_Catalonia.html,275,4.0,68,232,18,11,274
"Passeig de Gracia 69 , 08008 Barcelona, Spain",https://www.tripadvisor.com/Hotel_Review-g187497-d2072667-Reviews-Majestic_Residence-Barcelona_Catalonia.html,180,NaN,9,82,3,0,43
"Calle Muntaner, 352 , 08021 Barcelona, Spain",https://www.tripadvisor.com/Hotel_Review-g187497-d259370-Reviews-Hotel_Rekord-Barcelona_Catalonia.html,228,4.0,13,60,5,0,44
"Napols, 116 , 08013 Barcelona, Spain",https://www.tripadvisor.com/Hotel_Review-g187497-d503272-Reviews-Aparthotel_Napols-Barcelona_Catalonia.html,199,2.0,17,36,3,2,57
"Avda. Paral lel, 172 , 08015 Barcelona, Spain",https://www.tripadvisor.com/Hotel_Review-g187497-d3226234-Reviews-HCC_Lugano-Barcelona_Catalonia.html,167,3.0,8,91,4,1,77
"Paseo Lluis Companys, 2 , Pujadas, 508018 Barcelona, ",https://www.tripadvisor.com/Hotel_Review-g187497-d610780-Reviews-La_Ciudadela-Barcelona_Catalonia.html,196,1.0,15,42,5,2,54
"Calle Boria, 24-26 , 08003 Barcelona, Spain",https://www.tripadvisor.com/Hotel_Review-g187497-d543388-Reviews-Mercer_House_Boria_BCN-Barcelona_Catalonia.html,247,4.0,21,96,9,12,64
"Travessera de Gracia 72 , 08006 Barcelona, Spain",https://www.tripadvisor.com/Hotel_Review-g187497-d1828529-Reviews-Catalonia_Barcelona_Golf-Barcelona_Catalonia.html,225,3.0,13,56,5,3,56
"Pau Claris, 122 , 08009 Barcelona, Spain",https://www.tripadvisor.com/Hotel_Review-g187497-d228512-Reviews-Renaissance_Barcelona_Hotel-Barcelona_Catalonia.html,205,5.0,135,542,40,27,481
"Carrer de Pelai 20 , 08001 Barcelona, Spain",https://www.tripadvisor.com/Hotel_Review-g187497-d228579-Reviews-Hotel_Atlantis_by_Atbcn-Barcelona_Catalonia.html,148,NaN,38,112,5,6,163
"Comte d'Urgell, 194 , Comte d'Urgell, 19408036 Barcelona, ",https://www.tripadvisor.com/Hotel_Review-g187497-d238722-Reviews-Acacia_Suites-Barcelona_Catalonia.html,128,4.0,8,61,3,4,38
"Gran Via de les Corts Catalanes 455 , 08015 Barcelona, Spain",https://www.tripadvisor.com/Hotel_Review-g187497-d10192947-Reviews-Hotel_Chi-Barcelona_Catalonia.html,241,NaN,9,24,0,3,25
"10 Th, Riera Blanca Street , 08903 Barcelona08903 Barcelona, ",https://www.tripadvisor.com/Hotel_Review-g187497-d634325-Reviews-Madanis_Hotel-Barcelona_Catalonia.html,190,4.0,25,85,3,3,75
"Rambla de Catalunya, 76 , 08008 Barcelona, Spain",https://www.tripadvisor.com/Hotel_Review-g187497-d280919-Reviews-Hotel_HCC_Regente-Barcelona_Catalonia.html,230,4.0,54,111,16,9,159
"Diputacio, 264 , 08007 Barcelona, Spain",https://www.tripadvisor.com/Hotel_Review-g187497-d258869-Reviews-HCC_St_Moritz-Barcelona_Catalonia.html,198,4.0,41,117,14,10,139
"C/ Gravina, 5 - 7 , 08001 Barcelona, Spain",https://www.tripadvisor.com/Hotel_Review-g187497-d206926-Reviews-Hotel_Reding_Croma-Barcelona_Catalonia.html,226,3.0,36,95,11,3,119
"Vilamari 34-36 , 08015 Barcelona, Spain",https://www.tripadvisor.com/Hotel_Review-g187497-d265742-Reviews-Hotel_Vilamari-Barcelona_Catalonia.html,220,4.0,63,128,14,8,172
"La Ramblas 70 , 08002 Barcelona, Spain",https://www.tripadvisor.com/Hotel_Review-g187497-d234568-Reviews-Flor_Parks_Hotel-Barcelona_Catalonia.html,216,3.0,40,93,18,6,138
"Sabino de Arana, 22-24 , 08028 Barcelona, Spain",https://www.tripadvisor.com/Hotel_Review-g187497-d1371392-Reviews-Catalonia_Rigoletto-Barcelona_Catalonia.html,173,4.0,26,119,11,11,95
"Pintor Fortuny 9 , 08001 Barcelona, Spain",https://www.tripadvisor.com/Hotel_Review-g187497-d232780-Reviews-Turin_Hotel-Barcelona_Catalonia.html,169,NaN,46,175,13,4,222
"Gran Via de les Corts Catalanes 670 , 08010 Barcelona, Spain",https://www.tripadvisor.com/Hotel_Review-g187497-d7690477-Reviews-Cotton_House_Hotel_Autograph_Collection-Barcelona_Catalonia.html,43,5.0,57,846,13,23,127
"Paseo de Gracia 46 , Principal - Main Floor08007 Barcelona, ",https://www.tripadvisor.com/Hotel_Review-g187497-d7905626-Reviews-Margot_House-Barcelona_Catalonia.html,197,3.0,5,72,1,1,5
"Carrer Tallers 66 , 08001 Barcelona, Spain",https://www.tripadvisor.com/Hotel_Review-g187497-d734757-Reviews-Hotel_Ciutat_Vella-Barcelona_Catalonia.html,229,3.0,34,78,9,6,83
"Avenida Diagonal 161-163 , 08018 Barcelona, Spain",https://www.tripadvisor.com/Hotel_Review-g187497-d254869-Reviews-Four_Points_by_Sheraton_Barcelona_Diagonal-Barcelona_Catalonia.html,158,3.0,75,394,17,24,429
"Carrer de Sicilia, 276 , 08013 Barcelona, Spain",https://www.tripadvisor.com/Hotel_Review-g187497-d1582547-Reviews-Hostemplo_Sagrada_Familia-Barcelona_Catalonia.html,203,3.5,18,66,6,4,63
"Avenida Diagonal, 555 , 08029 Barcelona, Spain",https://www.tripadvisor.com/Hotel_Review-g187497-d228554-Reviews-AC_Hotel_Diagonal_L_Illa-Barcelona_Catalonia.html,118,4.0,5,80,2,1,47
"Calle Beltran i Rozpide, 7-9 , (antes Avda. Pedralbes, 16)08034 Barcelona, ",https://www.tripadvisor.com/Hotel_Review-g187497-d228461-Reviews-AC_Hotel_Victoria_Suites-Barcelona_Catalonia.html,163,4.0,25,90,9,2,86
"Plaza Antonio Lopez 5 , 08002 Barcelona, Spain",https://www.tripadvisor.com/Hotel_Review-g187497-d8846187-Reviews-Duquesa_Suites_Barcelona-Barcelona_Catalonia.html,24,4.0,10,225,1,0,60
"Diputacio 195 , 08011 Barcelona, Spain",https://www.tripadvisor.com/Hotel_Review-g187497-d2278972-Reviews-Ako_Suite_Hotel-Barcelona_Catalonia.html,117,4.0,10,68,1,4,51
"Calle Roger de Lluria 28 , 08010 Barcelona, Spain",https://www.tripadvisor.com/Hotel_Review-g187497-d232774-Reviews-Hotel_Roger_De_Lluria-Barcelona_Catalonia.html,71,4.0,36,357,9,6,163
"Gran Via de les Corts Catalanes, 656 , 08010 Barcelona, Spain",https://www.tripadvisor.com/Hotel_Review-g187497-d275097-Reviews-Hotel_Acta_Atrium_Palace-Barcelona_Catalonia.html,164,4.0,100,673,38,22,500
"Av. Diagonal de Barcelona , Junto a la plaza de Francesc MaciaBarcelona, ",https://www.tripadvisor.com/Hotel_Review-g187497-d10902390-Reviews-Vincci_Mae-Barcelona_Catalonia.html,87,4.0,4,61,0,2,22
"Calle Mallorca 251 , Barcelona08008 Barcelona, ",https://www.tripadvisor.com/Hotel_Review-g187497-d228648-Reviews-Alexandra_Barcelona_Hotel_Curio_Collection_by_Hilton-Barcelona_Catalonia.html,168,4.0,178,651,59,41,484
"Mare de Deu de Bellvitge, 3 , 08907 Barcelona, Spain",https://www.tripadvisor.com/Hotel_Review-g187497-d655536-Reviews-NH_Barcelona_Fira_Suites-Barcelona_Catalonia.html,192,5.0,23,90,13,6,81
"Passeig de Gracia 75 , 08008 Barcelona, Spain",https://www.tripadvisor.com/Hotel_Review-g187497-d9587943-Reviews-Monument_Hotel-Barcelona_Catalonia.html,53,5.0,8,129,3,0,18
"C/ Castellnou 61 , 08017 Barcelona, Spain",https://www.tripadvisor.com/Hotel_Review-g187497-d228546-Reviews-Hotel_Catalonia_Castellnou-Barcelona_Catalonia.html,243,3.0,19,49,10,1,48
"C/ Aragon 591-593 , 08026 Barcelona, Spain",https://www.tripadvisor.com/Hotel_Review-g187497-d238748-Reviews-Catalonia_Albeniz-Barcelona_Catalonia.html,125,3.0,27,108,8,6,98
"Villarroel, 106 , 08011 Barcelona, Spain",https://www.tripadvisor.com/Hotel_Review-g187497-d313039-Reviews-Acevi_Villarroel-Barcelona_Catalonia.html,165,4.0,68,189,23,22,209
"San Fructuoso 64-74 , 08004 Barcelona, Spain",https://www.tripadvisor.com/Hotel_Review-g187497-d639129-Reviews-BCN_Montjuic_Aparthotel-Barcelona_Catalonia.html,239,3.0,9,27,1,3,27
"Av. Del Tibidabo, 1 , 08022 Barcelona, Spain",https://www.tripadvisor.com/Hotel_Review-g187497-d1077341-Reviews-Hotel_ABaC_Barcelona-Barcelona_Catalonia.html,16,5.0,7,245,6,4,35
"C/ Corcega 368 , 08037 Barcelona, Spain",https://www.tripadvisor.com/Hotel_Review-g187497-d228553-Reviews-Catalonia_La_Pedrera-Barcelona_Catalonia.html,202,4.0,51,79,20,7,109
"Carrer de Riudarenes, 7 , 08002 Barcelona, Spain",https://www.tripadvisor.com/Hotel_Review-g187497-d10279308-Reviews-The_Wittmore_Hotel-Barcelona_Catalonia.html,25,5.0,5,186,3,3,17
"Plaza Pio XII 4 , 08034 Barcelona, Spain",https://www.tripadvisor.com/Hotel_Review-g187497-d242975-Reviews-SOFIA_Hotel-Barcelona_Catalonia.html,28,5.0,0,46,0,1,8
"Calle Sicilia 255 , 08025 Barcelona, Spain",https://www.tripadvisor.com/Hotel_Review-g187497-d231514-Reviews-Hispanos_7_Suiza-Barcelona_Catalonia.html,105,4.0,24,287,3,2,135
"Loreto, 28 , 08029 Barcelona, Spain",https://www.tripadvisor.com/Hotel_Review-g187497-d289353-Reviews-Hotel_Gran_Derby_Suites-Barcelona_Catalonia.html,93,4.0,25,135,11,9,88
"Ribes, 71 , 08013 Barcelona, Spain",https://www.tripadvisor.com/Hotel_Review-g187497-d1218860-Reviews-Hotel_Teatre_Auditori-Barcelona_Catalonia.html,206,3.0,46,81,11,7,109
"Valldonzella, 5 , 08001 Barcelona, Spain",https://www.tripadvisor.com/Hotel_Review-g187497-d195260-Reviews-Meson_Castilla_Atiram-Barcelona_Catalonia.html,204,2.0,120,205,27,12,302
"Calle Princesa 50 , 08003 Barcelona08003 Barcelona, ",https://www.tripadvisor.com/Hotel_Review-g187497-d584668-Reviews-Chic_basic_Born_Boutique_Hotel-Barcelona_Catalonia.html,127,3.0,38,212,10,7,169
"Calle Arc del Teatre, 58 , 08001 Barcelona, Spain",https://www.tripadvisor.com/Hotel_Review-g187497-d1802185-Reviews-Hotel_Acta_Mimic-Barcelona_Catalonia.html,215,2.0,148,406,41,52,471
"Avda. de Roma 93-95 , 08029 Barcelona, Spain",https://www.tripadvisor.com/Hotel_Review-g187497-d483700-Reviews-Sercotel_Amister_Art_Hotel-Barcelona_Catalonia.html,155,4.0,55,218,17,8,231
"Manuel Girona, 7-21 , 08034 Barcelona, Spain",https://www.tripadvisor.com/Hotel_Review-g187497-d8875531-Reviews-Hotel_Upper_Diagonal-Barcelona_Catalonia.html,74,4.0,6,102,2,2,39
"C/ Doctor Carulla 25-29 , 08017 Barcelona, Spain",https://www.tripadvisor.com/Hotel_Review-g187497-d2367494-Reviews-Hotel_Primero_Primera-Barcelona_Catalonia.html,29,4.0,18,441,2,0,73
"Gran Via de les Corts Catalanes, 678 , 08010 Barcelona, Spain",https://www.tripadvisor.com/Hotel_Review-g187497-d1718864-Reviews-Grupotel_Gran_Via_678-Barcelona_Catalonia.html,151,4.0,49,237,8,3,204
"Corsega, 289 , 08008 Barcelona, Spain",https://www.tripadvisor.com/Hotel_Review-g187497-d10061941-Reviews-Ohla_Eixample-Barcelona_Catalonia.html,40,5.0,12,244,3,3,52
"Ronda Sant Pere, 32 , 08010 Barcelona, Spain",https://www.tripadvisor.com/Hotel_Review-g187497-d5416370-Reviews-Vincci_Gala_Barcelona-Barcelona_Catalonia.html,101,4.0,26,242,4,3,131
"Gran Via de les Corts Catalanes, 550 , 08011 Barcelona, Spain",https://www.tripadvisor.com/Hotel_Review-g187497-d3964699-Reviews-Hotel_Catalonia_Gran_Via_BCN-Barcelona_Catalonia.html,104,4.0,22,275,7,10,182
"C/ Tellinaires 33 - 35 , Gava08850 Barcelona, ",https://www.tripadvisor.com/Hotel_Review-g187497-d578531-Reviews-AC_Hotel_Gava_Mar-Barcelona_Catalonia.html,227,4.0,37,71,9,3,123
"Sant Sever, 5 , 08026 Barcelona, Spain",https://www.tripadvisor.com/Hotel_Review-g187497-d285998-Reviews-Hotel_Neri_Relais_Chateaux-Barcelona_Catalonia.html,27,5.0,32,547,15,14,124
"C/ Consell de Cent 51-53 , esq. C/ Béjar08014 Barcelona, ",https://www.tripadvisor.com/Hotel_Review-g187497-d609760-Reviews-Pestana_Arena_Barcelona-Barcelona_Catalonia.html,161,4.0,17,107,8,4,123
"C/ del Pi, 7 , 08002 Barcelona, Spain",https://www.tripadvisor.com/Hotel_Review-g187497-d231525-Reviews-H10_Raco_Del_Pi-Barcelona_Catalonia.html,201,3.0,76,362,26,17,322
"Ramblas 111 , 08001 Barcelona, Spain",https://www.tripadvisor.com/Hotel_Review-g187497-d229679-Reviews-Le_Meridien_Barcelona-Barcelona_Catalonia.html,124,5.0,216,1087,79,52,792
"Ronda Universitat 21 , 08007 Barcelona, Spain",https://www.tripadvisor.com/Hotel_Review-g187497-d483102-Reviews-H10_Universitat-Barcelona_Catalonia.html,150,4.0,91,500,39,28,417
"C/ Diputacion 250 , 08007 Barcelona, Spain",https://www.tripadvisor.com/Hotel_Review-g187497-d633625-Reviews-Petit_Palace_Museum_Hotel-Barcelona_Catalonia.html,96,4.0,56,299,22,13,244
"Passeig de Gracia, 38-40 , Mandarin Oriental, Barcelona08007 Barcelona, ",https://www.tripadvisor.com/Hotel_Review-g187497-d1456413-Reviews-Mandarin_Oriental_Barcelona-Barcelona_Catalonia.html,41,5.0,56,805,32,17,159
"Rambla del Raval, 4C , 08001 Barcelona, Spain",https://www.tripadvisor.com/Hotel_Review-g187497-d280859-Reviews-Abba_Rambla_Hotel-Barcelona_Catalonia.html,240,3.0,30,71,14,1,110
"11-13 Passeig de Pujades , 08018 Barcelona, Spain",https://www.tripadvisor.com/Hotel_Review-g187497-d13278183-Reviews-Motel_One_Barcelona_Ciutadella-Barcelona_Catalonia.html,113,NaN,0,26,0,1,11
"Valencia, 105-107 , 8011 Barcelona, Spain",https://www.tripadvisor.com/Hotel_Review-g187497-d232791-Reviews-NH_Barcelona_Eixample-Barcelona_Catalonia.html,233,3.0,56,83,19,6,125
"Poeta Cabanyes, 5-7 , 08004 Barcelona, Spain",https://www.tripadvisor.com/Hotel_Review-g187497-d231524-Reviews-Hotel_Paral_lel-Barcelona_Catalonia.html,146,2.0,80,248,28,11,259
"General Castanos 14 , 08003 Barcelona, Spain",https://www.tripadvisor.com/Hotel_Review-g187497-d232783-Reviews-Santa_Marta_Hotel-Barcelona_Catalonia.html,194,2.0,16,67,7,4,64
"C/ Lope de Vega, 141-147 , 08005 Barcelona, Spain",https://www.tripadvisor.com/Hotel_Review-g187497-d4714888-Reviews-The_Level_at_Melia_Barcelona_Sky-Barcelona_Catalonia.html,153,5.0,37,231,10,13,105
"Carrer de Corsega, 255 , 08036 Barcelona, Spain",https://www.tripadvisor.com/Hotel_Review-g187497-d2018633-Reviews-The_Mirror_Barcelona-Barcelona_Catalonia.html,130,4.5,48,359,18,17,247
"Carrer Rossello 205 , Eixample08008 Barcelona, ",https://www.tripadvisor.com/Hotel_Review-g187497-d1641168-Reviews-Room_Mate_Emma-Barcelona_Catalonia.html,80,3.0,27,330,9,5,227
"Plaza Carlos Ibanez 3 , 08038 Barcelona, Spain",https://www.tripadvisor.com/Hotel_Review-g187497-d626303-Reviews-Hotel_Miramar_Barcelona-Barcelona_Catalonia.html,182,5.0,42,330,31,35,170
"C/ Monlau 8 - 10 , 08027 Barcelona, Spain",https://www.tripadvisor.com/Hotel_Review-g187497-d2079966-Reviews-Hotel_Laumon-Barcelona_Catalonia.html,242,3.0,15,67,5,4,64
"La Rambla, 105 , 08001 Barcelona, Spain",https://www.tripadvisor.com/Hotel_Review-g187497-d1931533-Reviews-Hotel_Bagues-Barcelona_Catalonia.html,31,5.0,31,593,12,5,141
"Marina 306 , 08025 Barcelona, Spain",https://www.tripadvisor.com/Hotel_Review-g187497-d503258-Reviews-Apartaments_Marina-Barcelona_Catalonia.html,157,3.0,12,79,4,1,68
"Enric Granados, 83 , 08008 Barcelona, Spain",https://www.tripadvisor.com/Hotel_Review-g187497-d585139-Reviews-Hotel_Granados_83-Barcelona_Catalonia.html,57,4.0,63,628,21,12,296
"Estruc 24 - 26 , 08002 Barcelona, Spain",https://www.tripadvisor.com/Hotel_Review-g187497-d1207602-Reviews-Hotel_Denit_Barcelona-Barcelona_Catalonia.html,211,3.0,98,482,28,15,421
"Consell de Cent, 476 , 08013 Barcelona, Spain",https://www.tripadvisor.com/Hotel_Review-g187497-d1748447-Reviews-Hotel_Sant_Antoni-Barcelona_Catalonia.html,200,3.0,47,125,13,1,141
"13-17 Sagristans , 08002 Barcelona, Spain",https://www.tripadvisor.com/Hotel_Review-g187497-d229681-Reviews-Regencia_Colon_Hotel-Barcelona_Catalonia.html,236,3.0,68,184,29,5,281
"Gran Via de les Corts Catalanes, 629, Eixample , 08010 Barcelona, Spain",https://www.tripadvisor.com/Hotel_Review-g187497-d3356650-Reviews-Hotel_Indigo_Barcelona_Plaza_Catalunya-Barcelona_Catalonia.html,98,4.0,63,465,23,18,229
"c/ Provenca 195 , 08008 Barcelona, Spain",https://www.tripadvisor.com/Hotel_Review-g187497-d228653-Reviews-Hotel_America_Barcelona-Barcelona_Catalonia.html,100,4.0,9,99,5,1,41
"Passeig de Gracia 62 , 08007 Barcelona, Spain",https://www.tripadvisor.com/Hotel_Review-g187497-d1501787-Reviews-Sixtytwo_Hotel-Barcelona_Catalonia.html,13,4.0,41,734,14,8,238
"Carrer d'Aribau 54 , 08011 Barcelona, Spain",https://www.tripadvisor.com/Hotel_Review-g187497-d239542-Reviews-Hotel_Cram-Barcelona_Catalonia.html,174,4.0,51,266,33,12,233
"C/ Josep Pla 69 , 08019 Barcelona, Spain",https://www.tripadvisor.com/Hotel_Review-g187497-d2732635-Reviews-Vincci_Bit-Barcelona_Catalonia.html,141,4.0,64,286,14,11,248
"C/ Via Augusta, 5 , 08006 Barcelona, Spain",https://www.tripadvisor.com/Hotel_Review-g187497-d206935-Reviews-Hotel_Balmoral-Barcelona_Catalonia.html,210,4.0,66,181,27,18,182
"La Rambla 40 , 08002 Barcelona, Spain",https://www.tripadvisor.com/Hotel_Review-g187497-d237158-Reviews-Hotel_Cuatro_Naciones-Barcelona_Catalonia.html,209,2.0,70,181,13,9,251
"Calabria 90-92 , 08015 Barcelona, Spain",https://www.tripadvisor.com/Hotel_Review-g187497-d7806223-Reviews-TWO_Hotel_Barcelona_by_Axel-Barcelona_Catalonia.html,97,4.0,32,294,20,9,120
"Gran Via de les Corts Catalanes, 559 , 08011 Barcelona, Spain",https://www.tripadvisor.com/Hotel_Review-g187497-d614395-Reviews-H10_Casanova-Barcelona_Catalonia.html,111,4.0,75,626,25,12,460
"Rossello 265 , 08008 Barcelona, Spain",https://www.tripadvisor.com/Hotel_Review-g187497-d291444-Reviews-Hotel_Omm-Barcelona_Catalonia.html,49,5.0,72,583,31,16,270
"Avenida de Roma 22 , 08015 Barcelona, Spain",https://www.tripadvisor.com/Hotel_Review-g187497-d231520-Reviews-H10_Itaca_Hotel-Barcelona_Catalonia.html,184,4.0,84,289,26,13,294
"Enric Granados 62-64 , 08008 Barcelona, Spain",https://www.tripadvisor.com/Hotel_Review-g187497-d6510499-Reviews-H10_Art_Gallery-Barcelona_Catalonia.html,102,4.5,35,263,11,3,142
"Carrer Ausias March 34 , 08010 Barcelona, Spain",https://www.tripadvisor.com/Hotel_Review-g187497-d12211996-Reviews-Room_Mate_Gerard-Barcelona_Catalonia.html,52,4.0,8,76,2,0,25
"Gran Via de Les Corts Catalanes 619-621 , 08007 Barcelona, Spain",https://www.tripadvisor.com/Hotel_Review-g187497-d12941693-Reviews-Almanac_Barcelona-Barcelona_Catalonia.html,23,5.0,3,50,0,0,6
"Rambla de Catalunya, 30 , 08007 Barcelona, Spain",https://www.tripadvisor.com/Hotel_Review-g187497-d274118-Reviews-Continental_Palacete-Barcelona_Catalonia.html,244,3.0,44,154,22,17,129
"Sao Paulo 33-37 , Sant Andreu08030 Barcelona, ",https://www.tripadvisor.com/Hotel_Review-g187497-d446865-Reviews-NH_Barcelona_La_Maquinista-Barcelona_Catalonia.html,212,3.0,23,46,6,3,55
"C/ Carme, 25 , 08001 Barcelona, Spain",https://www.tripadvisor.com/Hotel_Review-g187497-d1022712-Reviews-Hotel_Curious-Barcelona_Catalonia.html,103,1.0,74,622,11,7,352
"Plaza del Angel, 12 , 08002 Barcelona, Spain",https://www.tripadvisor.com/Hotel_Review-g187497-d231527-Reviews-Hotel_Suizo-Barcelona_Catalonia.html,232,3.0,24,52,6,8,89
"C/ Bertran, 150 , 08023 Barcelona, Spain",https://www.tripadvisor.com/Hotel_Review-g187497-d239522-Reviews-Aparthotel_Bertran-Barcelona_Catalonia.html,189,3.0,10,45,4,4,55
"Rossello 238 , Corner Passeig de Grácia08008 Barcelona, ",https://www.tripadvisor.com/Hotel_Review-g187497-d279200-Reviews-Hotel_Actual-Barcelona_Catalonia.html,134,3.0,24,120,8,1,111
"Roger de Lluria 17 , 08010 Barcelona, Spain",https://www.tripadvisor.com/Hotel_Review-g187497-d8294502-Reviews-Hotel_Ambit_Barcelona-Barcelona_Catalonia.html,58,3.5,11,230,0,0,97
"Mallorca 271 , 08008 Barcelona, Spain",https://www.tripadvisor.com/Hotel_Review-g187497-d2102457-Reviews-Alma_Barcelona-Barcelona_Catalonia.html,19,5.0,45,1257,8,8,192
"Rossello 191 , 08035 Barcelona, Spain",https://www.tripadvisor.com/Hotel_Review-g187497-d289345-Reviews-Evenia_Rosello-Barcelona_Catalonia.html,171,4.0,44,111,7,12,187
"Carrer de Girona, 158 , Barcelona, Spain",https://www.tripadvisor.com/Hotel_Review-g187497-d8956703-Reviews-Hotel_Well_and_Come-Barcelona_Catalonia.html,51,4.0,12,209,5,4,63
"Via Laietana, 61 , 08002 Barcelona, Spain",https://www.tripadvisor.com/Hotel_Review-g187497-d258755-Reviews-HCC_Montblanc-Barcelona_Catalonia.html,245,3.0,115,191,36,25,316
"Calabria 129-131 , 08015 Barcelona, Spain",https://www.tripadvisor.com/Hotel_Review-g187497-d231503-Reviews-Atenea_Calabria_Apartaments-Barcelona_Catalonia.html,218,3.0,49,87,11,8,143
"Ctra Vallvidrera al Tibidabo 83-93 , 08035 Barcelona, Spain",https://www.tripadvisor.com/Hotel_Review-g187497-d266131-Reviews-Gran_Hotel_La_Florida-Barcelona_Catalonia.html,213,5.0,53,368,41,41,167
"Avenida Diagonal, 568 , 08021 Barcelona, Spain",https://www.tripadvisor.com/Hotel_Review-g187497-d1194140-Reviews-Wilson_Boutique_Hotel-Barcelona_Catalonia.html,110,4.0,57,410,17,7,281
"C/Ramelleres 27 , Raval08001 Barcelona, ",https://www.tripadvisor.com/Hotel_Review-g187497-d239541-Reviews-Hostal_Grau-Barcelona_Catalonia.html,83,3.0,38,231,10,6,162
"Placa Reial, 1 , 08002 Barcelona, Spain",https://www.tripadvisor.com/Hotel_Review-g187497-d2649154-Reviews-Hotel_DO-Barcelona_Catalonia.html,9,5.0,18,703,4,6,75
"Sancho de Avila 32-34 , 08018 Barcelona, Spain",https://www.tripadvisor.com/Hotel_Review-g187497-d1192327-Reviews-Capri_by_Fraser_Barcelona-Barcelona_Catalonia.html,114,4.0,46,205,10,13,197
"Calabria, 115 , 08015 Barcelona, Spain",https://www.tripadvisor.com/Hotel_Review-g187497-d623893-Reviews-Hotel_Villa_Emilia-Barcelona_Catalonia.html,46,4.0,83,1061,18,13,431
"Pere IV, 272-286 , 08005 Barcelona, Spain",https://www.tripadvisor.com/Hotel_Review-g187497-d1153245-Reviews-Melia_Barcelona_Sky-Barcelona_Catalonia.html,231,4.5,193,494,99,68,433
"C/ Deu i Mata, 69-99 , Les Corts08029 Barcelona, ",https://www.tripadvisor.com/Hotel_Review-g187497-d651381-Reviews-NH_Collection_Constanza-Barcelona_Catalonia.html,69,4.0,63,277,12,12,248
"Avenida de Sarria 50 , 08029 Barcelona, Spain",https://www.tripadvisor.com/Hotel_Review-g187497-d229680-Reviews-Melia_Barcelona_Sarria-Barcelona_Catalonia.html,178,5.0,144,498,66,35,442
"Sant Pere Mes Baix, 62 , 08003 Barcelona, Spain",https://www.tripadvisor.com/Hotel_Review-g187497-d3373413-Reviews-Musik_Boutique_Hotel-Barcelona_Catalonia.html,70,3.0,16,231,3,3,87
"C/ Aragon, 300 , (esquina Roger de Lluria)08009 Barcelona, ",https://www.tripadvisor.com/Hotel_Review-g187497-d12173228-Reviews-OD_Barcelona-Barcelona_Catalonia.html,64,5.0,5,65,2,0,34
"Argenteria 37 , 08003 Barcelona, Spain",https://www.tripadvisor.com/Hotel_Review-g187497-d287670-Reviews-Hotel_Banys_Orientals-Barcelona_Catalonia.html,177,3.0,76,272,52,16,278
"Carrer Ample, 1 , Pl Duc de Medinaceli08002 Barcelona, ",https://www.tripadvisor.com/Hotel_Review-g187497-d1114593-Reviews-Catalonia_Port-Barcelona_Catalonia.html,62,4.0,24,253,10,6,118
"Avinyo 16 , 08002 Barcelona, Spain",https://www.tripadvisor.com/Hotel_Review-g187497-d660350-Reviews-Catalonia_Avinyo-Barcelona_Catalonia.html,139,3.0,86,262,29,20,257
"C/ Gran Via de les Corts Catalanes, 644 , 08007 Barcelona, Spain",https://www.tripadvisor.com/Hotel_Review-g187497-d4014393-Reviews-Hotel_Catalonia_Passeig_de_Gracia-Barcelona_Catalonia.html,55,4.5,18,487,9,6,144
"Calle Llull 340 , Esquina Selva de Mar08019 Barcelona, ",https://www.tripadvisor.com/Hotel_Review-g187497-d285755-Reviews-Vincci_Maritimo_Barcelona-Barcelona_Catalonia.html,188,4.0,90,163,31,13,223
"La Rambla, 128 , ( El Raval )08002 Barcelona, ",https://www.tripadvisor.com/Hotel_Review-g187497-d191046-Reviews-Hotel_SERHS_Rivoli_Rambla-Barcelona_Catalonia.html,235,4.0,142,314,82,38,350
"La Rambla, 138 , 08002 Barcelona, Spain",https://www.tripadvisor.com/Hotel_Review-g187497-d236198-Reviews-Hotel_Continental_Barcelona-Barcelona_Catalonia.html,186,3.0,118,308,46,36,355
"Paseo de Gracia 68 , 08007 Barcelona, Spain",https://www.tripadvisor.com/Hotel_Review-g187497-d190616-Reviews-Majestic_Hotel_Spa_Barcelona-Barcelona_Catalonia.html,44,5.0,87,1338,32,18,346
"Breton de los Herreros, 26 , Atb-508012 Barcelona, ",https://www.tripadvisor.com/Hotel_Review-g187497-d234849-Reviews-Aparthotel_Silver-Barcelona_Catalonia.html,79,3.0,33,251,12,3,200
"C/ Rocafort 23-25 , 08015 Barcelona, Spain",https://www.tripadvisor.com/Hotel_Review-g187497-d582087-Reviews-Evenia_Rocafort-Barcelona_Catalonia.html,219,3.0,26,66,7,2,120
"Via Laietana 49 , 08003 Barcelona, Spain",https://www.tripadvisor.com/Hotel_Review-g187497-d1940950-Reviews-Hotel_Ohla_Barcelona-Barcelona_Catalonia.html,48,5.0,77,930,11,12,274
"Rambla Catalunya 104 , 08008 Barcelona, Spain",https://www.tripadvisor.com/Hotel_Review-g187497-d877814-Reviews-Hotel_Murmuri_Barcelona-Barcelona_Catalonia.html,73,4.5,78,817,20,17,345
"Rambla Catalunya, 26 , 08007 Barcelona, Spain",https://www.tripadvisor.com/Hotel_Review-g187497-d206921-Reviews-NH_Collection_Barcelona_Gran_Hotel_Calderon-Barcelona_Catalonia.html,94,5.0,104,497,35,17,367
"C/ Cristobal de Moura 138 , 08019 Barcelona, Spain",https://www.tripadvisor.com/Hotel_Review-g187497-d530096-Reviews-Hotel_Barcelona_Condal_Mar_By_Melia-Barcelona_Catalonia.html,224,4.0,141,280,52,30,458
"Jaime I, 14 , 08002 Barcelona, Spain",https://www.tripadvisor.com/Hotel_Review-g187497-d232789-Reviews-Hotel_Gotico-Barcelona_Catalonia.html,246,4.0,19,37,4,4,47
"Carrer Nou de la Rambla, 174 , 08004 Barcelona, Spain",https://www.tripadvisor.com/Hotel_Review-g187497-d7949436-Reviews-Hotel_Brummell-Barcelona_Catalonia.html,10,3.5,10,325,2,0,49
"Passeig de Gracia, 132 , 08008 Barcelona, Spain",https://www.tripadvisor.com/Hotel_Review-g187497-d489057-Reviews-Casa_Fuster_Hotel-Barcelona_Catalonia.html,56,5.0,64,636,31,17,214
"Pasaje Gutenberg, 7 , 08001 Barcelona, Spain",https://www.tripadvisor.com/Hotel_Review-g187497-d2096339-Reviews-Chic_Basic_Ramblas-Barcelona_Catalonia.html,187,3.0,56,202,17,4,213
"Nou de la Rambla 12 , 08001 Barcelona, Spain",https://www.tripadvisor.com/Hotel_Review-g187497-d237157-Reviews-Hotel_Gaudi-Barcelona_Catalonia.html,176,3.0,156,362,26,14,458
"Parallel 40 , 08001 Barcelona, Spain",https://www.tripadvisor.com/Hotel_Review-g187497-d542974-Reviews-SERHS_Del_Port_Hotel-Barcelona_Catalonia.html,156,3.0,63,109,17,17,150
"Carrer Palaudaries 26 , 08004 Barcelona, Spain",https://www.tripadvisor.com/Hotel_Review-g187497-d1989060-Reviews-Hotel_Grums-Barcelona_Catalonia.html,207,4.0,84,245,20,17,269
"Calle de Llanca 24 , 08015 Barcelona, Spain",https://www.tripadvisor.com/Hotel_Review-g187497-d2440485-Reviews-Ofelias_Hotel-Barcelona_Catalonia.html,131,4.5,24,209,10,8,112
"Passeig Colom 12 , 08002 Barcelona, Spain",https://www.tripadvisor.com/Hotel_Review-g187497-d259360-Reviews-Hotel_Duquesa_de_Cardona-Barcelona_Catalonia.html,26,4.0,54,1070,18,14,432
"Gran Via de Les Corts Catalanes, 700 , 08010 Barcelona, Spain",https://www.tripadvisor.com/Hotel_Review-g187497-d8780848-Reviews-Casa_Bonay-Barcelona_Catalonia.html,84,4.0,14,154,2,2,48
"Gran Via Corts Catalanes 647 , 08010 Barcelona, Spain",https://www.tripadvisor.com/Hotel_Review-g187497-d208209-Reviews-Gran_Hotel_Havana-Barcelona_Catalonia.html,162,4.5,119,388,47,24,391
"Avenida Diagonal 589-591 , 08014 Barcelona, Spain",https://www.tripadvisor.com/Hotel_Review-g187497-d228419-Reviews-Hilton_Barcelona-Barcelona_Catalonia.html,191,4.5,210,685,74,30,579
"Ronda Sant Pere, 9 , 08010 Barcelona, Spain",https://www.tripadvisor.com/Hotel_Review-g187497-d6204834-Reviews-Catalonia_Square-Barcelona_Catalonia.html,14,4.5,15,501,3,5,100
"Carrer de Pelai, 28 , 08001 Barcelona, Spain",https://www.tripadvisor.com/Hotel_Review-g187497-d623246-Reviews-Catalonia_Ramblas-Barcelona_Catalonia.html,170,4.0,95,423,35,43,320
"Aribau 33 , 08011 Barcelona, Spain",https://www.tripadvisor.com/Hotel_Review-g187497-d305582-Reviews-Axel_Hotel_Barcelona_Urban_Spa-Barcelona_Catalonia.html,160,4.0,232,696,120,77,484
"Avenida de Rius I Taulet, 1-3 , 08004 Barcelona, Spain",https://www.tripadvisor.com/Hotel_Review-g187497-d228466-Reviews-Crowne_Plaza_Barcelona_Fira_Center-Barcelona_Catalonia.html,67,4.5,54,562,10,4,258
"Plaza Espana 6-8 , 08014 Barcelona, Spain",https://www.tripadvisor.com/Hotel_Review-g187497-d229676-Reviews-Catalonia_Barcelona_Plaza-Barcelona_Catalonia.html,217,4.0,197,446,94,60,422
"C/ Mallorca 181 , 08036 Barcelona, Spain",https://www.tripadvisor.com/Hotel_Review-g187497-d229999-Reviews-Best_Western_Premier_Hotel_Dante-Barcelona_Catalonia.html,107,4.0,56,384,11,10,312
"Avenida Diagonal 661 - 671 , 08028 Barcelona, Spain",https://www.tripadvisor.com/Hotel_Review-g187497-d208210-Reviews-Fairmont_Rey_Juan_Carlos_I-Barcelona_Catalonia.html,106,5.0,74,413,26,16,157
"C/ La Boqueria 10 , 08002 Barcelona, Spain",https://www.tripadvisor.com/Hotel_Review-g187497-d613711-Reviews-Petit_Palace_Boqueria_Garden-Barcelona_Catalonia.html,115,4.0,143,401,72,48,342
"Passeig/Paseo de Picasso, 26-30 , El Born08003 Barcelona, ",https://www.tripadvisor.com/Hotel_Review-g187497-d2558794-Reviews-K_K_Hotel_Picasso-Barcelona_Catalonia.html,47,4.0,63,1536,15,4,501
"Pas de Sota Muralla, 9 , 08003 Barcelona, Spain",https://www.tripadvisor.com/Hotel_Review-g187497-d4702800-Reviews-H10_Port_Vell-Barcelona_Catalonia.html,39,4.5,24,489,6,3,145
"Carrer de Llull 71 , 08005 Barcelona, Spain",https://www.tripadvisor.com/Hotel_Review-g187497-d10670124-Reviews-Ibis_Styles_Barcelona_City_Bogatell-Barcelona_Catalonia.html,143,2.0,23,74,2,2,53
"Paseo de Gracia, 73 , 08008 Barcelona, Spain",https://www.tripadvisor.com/Hotel_Review-g187497-d229677-Reviews-Condes_De_Barcelona-Barcelona_Catalonia.html,154,4.0,117,439,41,19,415
"Gran Via 543-545 , 08011 Barcelona, Spain",https://www.tripadvisor.com/Hotel_Review-g187497-d619681-Reviews-Soho_Hotel-Barcelona_Catalonia.html,82,3.0,85,788,25,10,515
"Carrer Napols 230 232 , 08020 Barcelona, Spain",https://www.tripadvisor.com/Hotel_Review-g187497-d3870901-Reviews-Ibis_Barcelona_Centro-Barcelona_Catalonia.html,129,2.0,41,184,8,5,213
"C/Diputacion 325 , 08009 Barcelona, Spain",https://www.tripadvisor.com/Hotel_Review-g187497-d662605-Reviews-Praktik_Garden-Barcelona_Catalonia.html,142,2.0,155,539,40,11,609
"Ample, 31 , Ciutat Vella08002 Barcelona, ",https://www.tripadvisor.com/Hotel_Review-g187497-d228479-Reviews-NH_Barcelona_Barri_Gotic-Barcelona_Catalonia.html,140,3.0,35,238,8,4,168
"C/ Mallorca, 606 , 08026 Barcelona, Spain",https://www.tripadvisor.com/Hotel_Review-g187497-d1999376-Reviews-Leonardo_Boutique_Hotel_Barcelona_Sagrada_Familia-Barcelona_Catalonia.html,147,3.0,62,333,14,10,271
"Roger de Lluria 16-18 , 08010 Barcelona, Spain",https://www.tripadvisor.com/Hotel_Review-g187497-d8800760-Reviews-Negresco_Princess_Hotel-Barcelona_Catalonia.html,77,4.5,32,330,12,7,125
"Princesa 33 - 35 , 08003 Barcelona, Spain",https://www.tripadvisor.com/Hotel_Review-g187497-d601439-Reviews-Hotel_Ciutat_de_Barcelona-Barcelona_Catalonia.html,195,3.0,68,291,18,19,299
"Bailen, 4-6 , 08010 Barcelona, Spain",https://www.tripadvisor.com/Hotel_Review-g187497-d206920-Reviews-NH_Collection_Barcelona_Podium-Barcelona_Catalonia.html,50,4.0,15,226,2,1,94
"Avinguda Litoral 10 , 08005 Barcelona, Spain",https://www.tripadvisor.com/Hotel_Review-g187497-d614392-Reviews-Pullman_Barcelona_Skipper-Barcelona_Catalonia.html,172,5.0,141,675,45,29,457
"Trafalgar 30 , 08010 Barcelona, Spain",https://www.tripadvisor.com/Hotel_Review-g187497-d7138272-Reviews-Yurbban_Trafalgar_Hotel-Barcelona_Catalonia.html,18,3.0,26,710,4,2,167
"Rambla de Catalunya 27 , 08007 Barcelona, Spain",https://www.tripadvisor.com/Hotel_Review-g187497-d1482943-Reviews-Hotel_Praktik_Rambla-Barcelona_Catalonia.html,85,3.0,112,1022,28,12,534
"Gran Via de les Corts Catalanes, 668 , 08010 Barcelona, Spain",https://www.tripadvisor.com/Hotel_Review-g187497-d190617-Reviews-El_Palace_Hotel-Barcelona_Catalonia.html,11,5.0,48,1076,24,13,172
"Aribau 201 , 08021 Barcelona, Spain",https://www.tripadvisor.com/Hotel_Review-g187497-d228531-Reviews-Condado_Hotel_Barcelona-Barcelona_Catalonia.html,208,3.0,75,284,15,3,352
"C/ Caspe 103 , 08013 Barcelona, Spain",https://www.tripadvisor.com/Hotel_Review-g187497-d305584-Reviews-Ayre_Hotel_Caspe-Barcelona_Catalonia.html,123,4.0,70,266,23,7,295
"Avda. Diagonal, 570 , 08021 Barcelona, Spain",https://www.tripadvisor.com/Hotel_Review-g187497-d228563-Reviews-NH_Hesperia_Barcelona_Presidente-Barcelona_Catalonia.html,136,4.0,52,207,24,7,247
"C/ Fontanella 7 , 8010 Barcelona, Spain",https://www.tripadvisor.com/Hotel_Review-g187497-d3333926-Reviews-Room_Mate_Pau-Barcelona_Catalonia.html,45,3.0,19,435,3,7,197
"Rec Comtal 16-18 , 08003 Barcelona, Spain",https://www.tripadvisor.com/Hotel_Review-g187497-d260638-Reviews-Catalonia_Born-Barcelona_Catalonia.html,54,4.0,62,391,24,11,284
"Avd Portal De L_Angel 17 , 08002 Barcelona, Spain",https://www.tripadvisor.com/Hotel_Review-g187497-d228527-Reviews-Catalonia_Portal_de_l_Angel-Barcelona_Catalonia.html,88,3.0,55,479,17,20,245
"La Rambla 19 , 08001 Barcelona, Spain",https://www.tripadvisor.com/Hotel_Review-g187497-d232778-Reviews-Hotel_Arc_La_Rambla-Barcelona_Catalonia.html,119,3.0,183,815,45,39,761
"Ramblas 122 , 08002 Barcelona, Spain",https://www.tripadvisor.com/Hotel_Review-g187497-d206928-Reviews-Citadines_Ramblas_Barcelona-Barcelona_Catalonia.html,179,3.0,99,279,26,13,312
"C/ dels Arcs, 10 , 08002 Barcelona, Spain",https://www.tripadvisor.com/Hotel_Review-g187497-d1498205-Reviews-Catalonia_Catedral-Barcelona_Catalonia.html,38,4.0,35,648,5,6,251
"Via Laietana 69 , 08003 Barcelona, Spain",https://www.tripadvisor.com/Hotel_Review-g187497-d8778628-Reviews-H10_Cubik-Barcelona_Catalonia.html,32,4.5,24,504,5,9,101
"Mallorca, 216 , 08008 Barcelona, Spain",https://www.tripadvisor.com/Hotel_Review-g187497-d228610-Reviews-Hotel_Balmes-Barcelona_Catalonia.html,122,4.0,100,282,39,19,257
"Plaza Urquinaona, 2 , 08010 Barcelona, Spain",https://www.tripadvisor.com/Hotel_Review-g187497-d4323634-Reviews-H10_Urquinaona_Plaza-Barcelona_Catalonia.html,36,4.0,29,597,12,6,178
"Passeig de Gracia, 84 , A 50 metros de la Pedrera de Gaudi08008 Barcelona, ",https://www.tripadvisor.com/Hotel_Review-g187497-d4463171-Reviews-Hotel_Royal_Passeig_de_Gracia-Barcelona_Catalonia.html,92,4.0,47,490,17,23,226
"C/ Bergara, 4 , 08002 Barcelona, Spain",https://www.tripadvisor.com/Hotel_Review-g187497-d227464-Reviews-Hotel_Regina_Barcelona-Barcelona_Catalonia.html,175,4.0,157,506,43,15,429
"117 Las Ramblas , 08002 Barcelona, Spain",https://www.tripadvisor.com/Hotel_Review-g187497-d228634-Reviews-Royal_Ramblas_Hotel-Barcelona_Catalonia.html,144,4.0,132,591,45,27,550
"Gran Via de Les Corts Catalanes 322 - 324 , 08004 Barcelona, Spain",https://www.tripadvisor.com/Hotel_Review-g187497-d646326-Reviews-Ayre_Hotel_Gran_Via-Barcelona_Catalonia.html,95,4.0,82,333,11,11,335
"Calle dels Lledo 7 , 08002 Barcelona, Spain",https://www.tripadvisor.com/Hotel_Review-g187497-d3400654-Reviews-Mercer_Hotel_Barcelona-Barcelona_Catalonia.html,3,5.0,19,1097,4,1,107
"Trafalgar, 26 , 08003 Barcelona, Spain",https://www.tripadvisor.com/Hotel_Review-g187497-d12694365-Reviews-Yurbban_Passage_Hotel_Spa-Barcelona_Catalonia.html,6,4.5,5,166,2,0,17
"Calle Pelayo 14 , Gravina08001 Barcelona, ",https://www.tripadvisor.com/Hotel_Review-g187497-d10440705-Reviews-Hotel_Midmost-Barcelona_Catalonia.html,34,4.0,8,215,4,0,57
"Carrer Guillermo Tell, 49 , 08006 Barcelona, Spain",https://www.tripadvisor.com/Hotel_Review-g187497-d232792-Reviews-Pol_Grace_Hotel-Barcelona_Catalonia.html,63,4.0,46,352,10,7,176
"56 Carrer Olzinelles , 08014 Barcelona, Spain",https://www.tripadvisor.com/Hotel_Review-g187497-d7348706-Reviews-SmartRoom_Barcelona-Barcelona_Catalonia.html,138,3.0,14,77,4,3,50
"Numancia, 74 , 08029 Barcelona, Spain",https://www.tripadvisor.com/Hotel_Review-g187497-d206930-Reviews-NH_Sants_Barcelona-Barcelona_Catalonia.html,222,4.0,66,96,18,7,132
"Paris, 203 , 08036 Barcelona, Spain",https://www.tripadvisor.com/Hotel_Review-g187497-d228590-Reviews-Hotel_Astoria-Barcelona_Catalonia.html,132,3.0,93,258,19,9,286
"Drassanes, 23-25 , Raval, Ciutat Vella08001 Barcelona, ",https://www.tripadvisor.com/Hotel_Review-g187497-d2545026-Reviews-Andante-Barcelona_Catalonia.html,108,3.0,60,514,12,9,373
"Passeig de Colom, 9 , 08002 Barcelona, Spain",https://www.tripadvisor.com/Hotel_Review-g187497-d7142609-Reviews-Hotel_The_Serras-Barcelona_Catalonia.html,1,5.0,5,750,2,0,51
"Via Augusta 63 , 08006 Barcelona, Spain",https://www.tripadvisor.com/Hotel_Review-g187497-d228478-Reviews-Hotel_Via_Augusta-Barcelona_Catalonia.html,193,4.0,55,104,13,5,140
"Plaza Catalunya, 19 , 08002 Barcelona, Spain",https://www.tripadvisor.com/Hotel_Review-g187497-d589352-Reviews-Olivia_Plaza_Hotel-Barcelona_Catalonia.html,33,4.0,85,988,23,16,442
"Avda Paral.lel 76-80 , 08001 Barcelona, Spain",https://www.tripadvisor.com/Hotel_Review-g187497-d230643-Reviews-Barcelona_Universal_Hotel-Barcelona_Catalonia.html,90,4.0,241,1850,65,31,1262
"Mallorca 288 , 08037 Barcelona, Spain",https://www.tripadvisor.com/Hotel_Review-g187497-d646310-Reviews-Room_Mate_Carla-Barcelona_Catalonia.html,59,4.0,6,132,1,3,67
"Gran Via de les Corts Catalanes, 605 , 08007 Barcelona, Spain",https://www.tripadvisor.com/Hotel_Review-g187497-d206936-Reviews-Hotel_El_Avenida_Palace-Barcelona_Catalonia.html,152,4.0,228,767,83,62,545
"Junta de Comerc 8 , 08001 Barcelona, Spain",https://www.tripadvisor.com/Hotel_Review-g187497-d239591-Reviews-Leonardo_Hotel_Barcelona_Las_Ramblas-Barcelona_Catalonia.html,185,3.0,25,155,7,15,129
"Comte d'Urgell 232 , 08036 Barcelona, Spain",https://www.tripadvisor.com/Hotel_Review-g187497-d234572-Reviews-U232_Hotel-Barcelona_Catalonia.html,75,4.0,112,1259,32,17,602
"Carrer de Arago 271 , 08007 Barcelona, Spain",https://www.tripadvisor.com/Hotel_Review-g187497-d10266358-Reviews-Room_Mate_Anna-Barcelona_Catalonia.html,22,4.0,7,284,1,1,54
"Rosello 249 , 08008 Barcelona, Spain",https://www.tripadvisor.com/Hotel_Review-g187497-d228465-Reviews-Gallery_Hotel-Barcelona_Catalonia.html,15,4.5,50,713,7,11,300
"Calle Bergara 8 , 08002 Barcelona, Spain",https://www.tripadvisor.com/Hotel_Review-g187497-d296915-Reviews-Hotel_Pulitzer-Barcelona_Catalonia.html,116,4.0,147,970,33,25,638
"Carrer del Rossello 390 , 08025 Barcelona, Spain",https://www.tripadvisor.com/Hotel_Review-g187497-d1520718-Reviews-Ayre_Hotel_Rosellon-Barcelona_Catalonia.html,78,4.0,64,440,22,10,297
"Avenida de la Catedral 7 , 08002 Barcelona, Spain",https://www.tripadvisor.com/Hotel_Review-g187497-d190823-Reviews-Colon_Hotel-Barcelona_Catalonia.html,68,4.0,134,908,45,24,574
"Calle Bruc 33 , 08010 Barcelona, Spain",https://www.tripadvisor.com/Hotel_Review-g187497-d503136-Reviews-Hotel_Constanza_Barcelona-Barcelona_Catalonia.html,89,2.0,93,835,14,12,576
"Capellans, 4 , 08002 Barcelona, Spain",https://www.tripadvisor.com/Hotel_Review-g187497-d610494-Reviews-Hotel_Barcelona_Catedral-Barcelona_Catalonia.html,61,4.0,68,992,13,12,567
"Moll de Barcelona s/n , 08039 Barcelona, Spain",https://www.tripadvisor.com/Hotel_Review-g187497-d240860-Reviews-Eurostars_Grand_Marina_Hotel-Barcelona_Catalonia.html,221,5.0,184,763,86,66,543
"Provenca, 277 , 08037 Barcelona, Spain",https://www.tripadvisor.com/Hotel_Review-g187497-d11847896-Reviews-The_One_Barcelona-Barcelona_Catalonia.html,8,5.0,4,150,1,0,11
"Paseo Garcia Faria 37-47 , 08019 Barcelona, Spain",https://www.tripadvisor.com/Hotel_Review-g187497-d291590-Reviews-Occidental_Atenea_Mar_Adults_only-Barcelona_Catalonia.html,181,4.0,110,281,41,36,294
"Placa de Catalunya 7 , 08026 Barcelona, Spain",https://www.tripadvisor.com/Hotel_Review-g187497-d234397-Reviews-H10_Catalunya_Plaza-Barcelona_Catalonia.html,72,3.0,15,282,10,9,125
"C/ Bergara 11 , 08007 Barcelona, Spain",https://www.tripadvisor.com/Hotel_Review-g187497-d228642-Reviews-Catalonia_Plaza_Cataluna-Barcelona_Catalonia.html,135,4.0,89,420,47,41,316
"Via Laietana 24 , 08003 Barcelona, Spain",https://www.tripadvisor.com/Hotel_Review-g187497-d254870-Reviews-H10_Montcada_Boutique_Hotel-Barcelona_Catalonia.html,76,3.0,100,965,50,21,584
"Magdalenes, 13-15 , 08002 Barcelona, Spain",https://www.tripadvisor.com/Hotel_Review-g187497-d10062222-Reviews-Catalonia_Magdalenes-Barcelona_Catalonia.html,20,4.0,7,360,2,6,53
"Gran Via, 144 , Hospitalet de Llobregat08907 Barcelona, ",https://www.tripadvisor.com/Hotel_Review-g187497-d630596-Reviews-NH_Collection_Barcelona_Tower-Barcelona_Catalonia.html,159,5.0,164,572,68,40,492
"Calle Ciutat de Granada 99 , Hb00437208018 Barcelona, ",https://www.tripadvisor.com/Hotel_Review-g187497-d1463062-Reviews-Ibis_Barcelona_Pza_Glories_22-Barcelona_Catalonia.html,223,2.0,93,149,21,8,298
"Carrer Elisabets 11 , 08001 Barcelona, Spain",https://www.tripadvisor.com/Hotel_Review-g187497-d543153-Reviews-Casa_Camper_Hotel_Barcelona-Barcelona_Catalonia.html,2,4.0,14,1511,11,2,140
"Placa de la Rosa dels Vents, 1 , 08039 Barcelona, Spain",https://www.tripadvisor.com/Hotel_Review-g187497-d1465497-Reviews-W_Barcelona-Barcelona_Catalonia.html,145,5.0,361,2659,167,171,1005
"Diagonal Avenue 1-3 , 10 min from the Beach and in Front of the Convention Centre, next to a mall.08019 Barcelona, ",https://www.tripadvisor.com/Hotel_Review-g187497-d1227764-Reviews-Barcelona_Princess-Barcelona_Catalonia.html,234,4.0,222,768,79,53,688
"Provenca, 279 , 08037 Barcelona, Spain",https://www.tripadvisor.com/Hotel_Review-g187497-d5790522-Reviews-Hotel_Praktik_Bakery-Barcelona_Catalonia.html,81,3.0,92,827,23,16,417
"Balmes 117 , Corner With Provenca Street08008 Barcelona, ",https://www.tripadvisor.com/Hotel_Review-g187497-d4569039-Reviews-Olivia_Balmes_Hotel-Barcelona_Catalonia.html,12,4.0,29,1378,4,4,346
"Passeig del Taulat 262-264 , 08019 Barcelona, Spain",https://www.tripadvisor.com/Hotel_Review-g187497-d559387-Reviews-Hilton_Diagonal_Mar_Barcelona-Barcelona_Catalonia.html,237,4.0,282,1144,124,81,845
"Rambla del Raval 17-21 , 08001 Barcelona, Spain",https://www.tripadvisor.com/Hotel_Review-g187497-d1083206-Reviews-Barcelo_Raval-Barcelona_Catalonia.html,120,4.0,217,1090,50,44,836
"Rambla Catalunya, 7-9 , 08007 Barcelona, Spain",https://www.tripadvisor.com/Hotel_Review-g187497-d6973853-Reviews-H10_Metropolitan-Barcelona_Catalonia.html,37,4.5,19,432,8,3,98
"Mallorca 178 , 08036 Barcelona, Spain",https://www.tripadvisor.com/Hotel_Review-g187497-d10127321-Reviews-The_Corner_Hotel-Barcelona_Catalonia.html,7,4.0,8,384,4,1,45
"C/ Dr. Joaquim Pou, 2-4-6 , 08002 Barcelona, Spain",https://www.tripadvisor.com/Hotel_Review-g187497-d13223478-Reviews-H10_Madison-Barcelona_Catalonia.html,17,4.0,0,79,1,1,10
"Avenida Bogatell 64-68 , 08005 Barcelona, Spain",https://www.tripadvisor.com/Hotel_Review-g187497-d282300-Reviews-H10_Marina_Barcelona_Hotel-Barcelona_Catalonia.html,183,4.0,207,677,78,44,680
"Carrer de Pau Claris, 179 , 08037 Barcelona, Spain",https://www.tripadvisor.com/Hotel_Review-g187497-d10683772-Reviews-H10_Casa_Mimosa-Barcelona_Catalonia.html,4,4.5,2,269,0,0,27
